00000000: 0c94 6200 0c94 8a00 0c94 8a00 0c94 8a00  ..b.............
00000010: 0c94 8a00 0c94 8a00 0c94 8a00 0c94 8a00  ................
00000020: 0c94 8a00 0c94 8a00 0c94 8a00 0c94 8a00  ................
00000030: 0c94 8a00 0c94 8a00 0c94 8a00 0c94 8a00  ................
00000040: 0c94 ff06 0c94 8a00 0c94 cd06 0c94 a706  ................
00000050: 0c94 8a00 0c94 8a00 0c94 8a00 0c94 8a00  ................
00000060: 0c94 8a00 0c94 8a00 0000 0000 2500 2800  ............%.(.
00000070: 2b00 0000 0000 2400 2700 2a00 0000 0000  +.....$.'.*.....
00000080: 2300 2600 2900 0404 0404 0404 0404 0202  #.&.)...........
00000090: 0202 0202 0303 0303 0303 0102 0408 1020  ............... 
000000a0: 4080 0102 0408 1020 0102 0408 1020 0000  @...... ..... ..
000000b0: 0008 0002 0100 0003 0407 0000 0000 0000  ................
000000c0: 0000 4907 1124 1fbe cfef d8e0 debf cdbf  ..I..$..........
000000d0: 11e0 a0e0 b1e0 e2ea f3e1 02c0 0590 0d92  ................
000000e0: a637 b107 d9f7 22e0 a6e7 b1e0 01c0 1d92  .7....".........
000000f0: ad32 b207 e1f7 10e0 c2e6 d0e0 04c0 2197  .2............!.
00000100: fe01 0e94 c909 c136 d107 c9f7 0e94 8007  .......6........
00000110: 0c94 cf09 0c94 0000 8cbd 9dbd 0895 af92  ................
00000120: bf92 cf92 df92 ef92 ff92 0f93 1f93 cf93  ................
00000130: df93 6c01 7b01 8b01 040f 151f eb01 5e01  ..l.{.........^.
00000140: ae18 bf08 c017 d107 59f0 6991 d601 ed91  ........Y.i.....
00000150: fc91 0190 f081 e02d c601 0995 892b 79f7  .......-.....+y.
00000160: c501 df91 cf91 1f91 0f91 ff90 ef90 df90  ................
00000170: cf90 bf90 af90 0895 fc01 538d 448d 252f  ..........S.D.%/
00000180: 30e0 842f 90e0 821b 930b 5417 10f0 cf96  0../......T.....
00000190: 0895 0197 0895 fc01 918d 828d 9817 61f0  ..............a.
000001a0: a28d ae0f bf2f b11d 5d96 8c91 928d 9f5f  ...../..]......_
000001b0: 9f73 928f 90e0 0895 8fef 9fef 0895 fc01  .s..............
000001c0: 918d 828d 9817 31f0 828d e80f f11d 858d  ......1.........
000001d0: 90e0 0895 8fef 9fef 0895 fc01 918d 228d  ..............".
000001e0: 892f 90e0 805c 9f4f 821b 9109 8f73 9927  ./...\.O.....s.'
000001f0: 0895 80e8 91e0 0e94 ed00 21e0 892b 09f4  ..........!..+..
00000200: 20e0 822f 0895 80e0 90e0 892b 29f0 0e94   ../.......+)...
00000210: f900 8111 0c94 0000 0895 fc01 a48d a80f  ................
00000220: b92f b11d a35a bf4f 2c91 848d 90e0 0196  ./...Z.O,.......
00000230: 8f73 9927 848f a689 b789 2c93 a089 b189  .s.'......,.....
00000240: 8c91 8370 8064 8c93 938d 848d 9813 06c0  ...p.d..........
00000250: 0288 f389 e02d 8081 8f7d 8083 0895 ef92  .....-...}......
00000260: ff92 0f93 1f93 cf93 df93 ec01 81e0 888f  ................
00000270: 9b8d 8c8d 9813 1ac0 e889 f989 8081 85ff  ................
00000280: 15c0 9fb7 f894 ee89 ff89 6083 e889 f989  ..........`.....
00000290: 8081 8370 8064 8083 9fbf 81e0 90e0 df91  ...p.d..........
000002a0: cf91 1f91 0f91 ff90 ef90 0895 f62e 0b8d  ................
000002b0: 10e0 0f5f 1f4f 0f73 1127 e02e 8c8d 8e11  ..._.O.s.'......
000002c0: 0cc0 0fb6 07fc facf e889 f989 8081 85ff  ................
000002d0: f5cf ce01 0e94 0d01 f1cf eb8d ec0f fd2f  .............../
000002e0: f11d e35a ff4f f082 9fb7 f894 0b8f ea89  ...Z.O..........
000002f0: fb89 8081 8062 cfcf cf93 df93 ec01 888d  .....b..........
00000300: 8823 b9f0 aa89 bb89 e889 f989 8c91 85fd  .#..............
00000310: 03c0 8081 86fd 0dc0 0fb6 07fc f7cf 8c91  ................
00000320: 85ff f2cf 8081 85ff edcf ce01 0e94 0d01  ................
00000330: e9cf df91 cf91 0895 8330 81f0 28f4 8130  .........0..(..0
00000340: 99f0 8230 a9f0 0895 8730 a9f0 8830 c9f0  ...0.....0...0..
00000350: 8430 b1f4 8091 8000 8f7d 03c0 8091 8000  .0.......}......
00000360: 8f77 8093 8000 0895 84b5 8f77 84bd 0895  .w.........w....
00000370: 84b5 8f7d fbcf 8091 b000 8f77 8093 b000  ...}.......w....
00000380: 0895 8091 b000 8f7d f9cf 1f93 cf93 df93  .......}........
00000390: 282f 30e0 f901 e255 ff4f 8491 f901 e656  (/0....U.O.....V
000003a0: ff4f d491 f901 ea57 ff4f c491 cc23 a9f0  .O.....W.O...#..
000003b0: 162f 8111 0e94 9c01 ec2f f0e0 ee0f ff1f  ./......./......
000003c0: e859 ff4f a591 b491 8fb7 f894 ec91 1111  .Y.O............
000003d0: 08c0 d095 de23 dc93 8fbf df91 cf91 1f91  .....#..........
000003e0: 0895 de2b f8cf cf93 df93 90e0 fc01 e656  ...+...........V
000003f0: ff4f 2491 8a57 9f4f fc01 8491 8823 d1f0  .O$..W.O.....#..
00000400: 90e0 880f 991f fc01 ee58 ff4f a591 b491  .........X.O....
00000410: fc01 e859 ff4f c591 d491 6111 0ec0 9fb7  ...Y.O....a.....
00000420: f894 8c91 e22f e095 8e23 8c93 2881 e223  ...../...#..(..#
00000430: e883 9fbf df91 cf91 0895 8fb7 f894 ec91  ................
00000440: e22b ec93 8fbf f6cf 3fb7 f894 8091 7b01  .+......?.....{.
00000450: 9091 7c01 a091 7d01 b091 7e01 26b5 a89b  ..|...}...~.&...
00000460: 05c0 2f3f 19f0 0196 a11d b11d 3fbf ba2f  ../?........?../
00000470: a92f 982f 8827 bc01 cd01 620f 711d 811d  ././.'....b.q...
00000480: 911d 42e0 660f 771f 881f 991f 4a95 d1f7  ..B.f.w.....J...
00000490: 0895 8f92 9f92 af92 bf92 cf92 df92 ef92  ................
000004a0: ff92 4b01 5c01 0e94 2402 6b01 7c01 0e94  ..K.\...$.k.|...
000004b0: 2402 6c19 7d09 8e09 9f09 683e 7340 8105  $.l.}.....h>s@..
000004c0: 9105 a8f3 21e0 821a 9108 a108 b108 88ee  ....!...........
000004d0: c80e 83e0 d81e e11c f11c 8114 9104 a104  ................
000004e0: b104 29f7 ff90 ef90 df90 cf90 bf90 af90  ..).............
000004f0: 9f90 8f90 0895 bc01 6e5f 7f4f dc01 ed91  ........n_.O....
00000500: fc91 0190 f081 e02d 40e0 0995 91e0 8111  .......-@.......
00000510: 90e0 892f 0895 0895 8ebd 0000 0db4 07fe  .../............
00000520: fdcf 8eb5 0895 df92 ef92 ff92 0f93 1f93  ................
00000530: cf93 df93 7c01 062f d42e 152f 80e5 90e0  ....|../.../....
00000540: 0e94 8c00 60e0 f701 8685 0e94 c501 82e1  ....`...........
00000550: 0e94 8c02 cd2d d12f 0c0f 1d2f 111d c017  .....-./.../....
00000560: d107 21f0 8991 0e94 8c02 f9cf 61e0 f701  ..!.........a...
00000570: 8685 df91 cf91 1f91 0f91 ff90 ef90 df90  ................
00000580: 0c94 c501 1f93 cf93 df93 ec01 162f 80e5  ............./..
00000590: 90e0 0e94 8c00 60e0 8e85 0e94 c501 812f  ......`......../
000005a0: 8068 0e94 8c02 80e0 0e94 8c02 182f 61e0  .h.........../a.
000005b0: 8e85 0e94 c501 812f df91 cf91 1f91 0895  ......./........
000005c0: 0f93 1f93 cf93 df93 ec01 062f 142f 80e5  ..........././..
000005d0: 90e0 0e94 8c00 60e0 8e85 0e94 c501 802f  ......`......../
000005e0: 0e94 8c02 812f 0e94 8c02 61e0 8e85 df91  ...../....a.....
000005f0: cf91 1f91 0f91 0c94 c501 cf92 df92 ef92  ................
00000600: ff92 0f93 1f93 cf93 df93 ec01 6b01 f42e  ............k...
00000610: 8901 40e0 62e0 0e94 e002 44e0 6ae0 ce01  ..@.b.....D.j...
00000620: 0e94 e002 40e8 64e1 ce01 0e94 e002 a601  ....@.d.........
00000630: 6f2d ce01 0e94 9302 43e0 62e0 ce01 0e94  o-......C.b.....
00000640: e002 8fb7 f894 c090 7701 d090 7801 e090  ........w...x...
00000650: 7901 f090 7a01 8fbf 89e5 c80e d11c e11c  y...z...........
00000660: f11c 6ae0 ce01 0e94 c202 82ff 1bc0 40e0  ..j...........@.
00000670: 62e0 ce01 0e94 e002 64e4 ce01 0e94 c202  b.......d.......
00000680: f801 8083 62e4 ce01 0e94 c202 f801 8183  ....b...........
00000690: 80e0 df91 cf91 1f91 0f91 ff90 ef90 df90  ................
000006a0: cf90 0895 2fb7 f894 8091 7701 9091 7801  ..../.....w...x.
000006b0: a091 7901 b091 7a01 2fbf 8c15 9d05 ae05  ..y...z./.......
000006c0: bf05 78f2 83e0 e5cf 2f92 3f92 4f92 5f92  ..x...../.?.O._.
000006d0: 6f92 7f92 8f92 9f92 af92 bf92 cf92 df92  o...............
000006e0: ef92 ff92 0f93 1f93 cf93 df93 00d0 cdb7  ................
000006f0: deb7 3c01 162f 942e 2901 80e0 a114 b104  ..<../..).......
00000700: 11f0 f501 8081 382c 3294 90ef 3922 380e  ......8,2...9"8.
00000710: 40e0 62e0 c301 0e94 e002 4fe7 68e0 c301  @.b.......O.h...
00000720: 0e94 e002 40e8 64e1 c301 0e94 e002 a201  ....@.d.........
00000730: 602f c301 0e94 9302 432d 6ae1 c301 0e94  `/......C-j.....
00000740: e002 412f 62e0 c301 0e94 e002 1c30 51f4  ..A/b........0Q.
00000750: 6ae1 c301 0e94 c202 482f 4068 6ae1 c301  j.......H/@hj...
00000760: 0e94 e002 8fb7 f894 2090 7701 3090 7801  ........ .w.0.x.
00000770: 4090 7901 5090 7a01 8fbf f4e2 2f0e 311c  @.y.P.z...../.1.
00000780: 411c 511c 68e0 c301 0e94 c202 982f 9921  A.Q.h......../.!
00000790: 09f0 bfc0 80ff 16c0 83e0 0f90 0f90 df91  ................
000007a0: cf91 1f91 0f91 ff90 ef90 df90 cf90 bf90  ................
000007b0: af90 9f90 8f90 7f90 6f90 5f90 4f90 3f90  ........o._.O.?.
000007c0: 2f90 0895 2fb7 f894 8091 7701 9091 7801  /.../.....w...x.
000007d0: a091 7901 b091 7a01 2fbf 8215 9305 a405  ..y...z./.......
000007e0: b505 80f2 d9cf e114 f104 09f4 67c0 c114  ............g...
000007f0: d104 09f4 63c0 64e1 c301 0e94 c202 982e  ....c.d.........
00000800: f601 8081 8915 08f4 7ec0 9082 9920 c9f1  ........~.... ..
00000810: 80e5 90e0 0e94 8c00 60e0 f301 8685 0e94  ........`.......
00000820: c501 9a94 82e9 0e94 8c02 8820 99f0 0fef  ........... ....
00000830: 10e0 01c0 000f 8a94 eaf7 82e9 0e94 8c02  ................
00000840: 902f 9095 f701 2081 9223 8023 982b 9083  ./.... ..#.#.+..
00000850: 8824 8394 8701 080d 111d 8914 40f4 82e9  .$..........@...
00000860: 0e94 8c02 f801 8193 8f01 8394 f6cf 80e0  ................
00000870: 0e94 8c02 f801 8083 61e0 f301 8685 0e94  ........a.......
00000880: c501 68e1 c301 0e94 c202 8770 a114 b104  ..h........p....
00000890: 11f0 f501 8083 53fc 38c0 e114 f104 b9f1  ......S.8.......
000008a0: c114 d104 a1f1 9f89 9923 89f1 f601 4081  .........#....@.
000008b0: 4130 31f4 8430 29f5 8fef 6fcf 80e0 ebcf  A01..0)...o.....
000008c0: 4230 f8f0 8111 1dc0 4250 9e01 2f5f 3f4f  B0......BP../_?O
000008d0: b701 c301 0e94 fd02 8111 5fcf f601 9081  .........._.....
000008e0: e90e f11c f701 3297 2081 9981 2913 09c0  ......2. ...)...
000008f0: f1e0 ef1a f108 f701 2081 9a81 2917 09f4  ........ ...)...
00000900: 4ccf 87e0 4acf 84e0 48cf 82e0 46cf 80e0  L...J...H...F...
00000910: 44cf 6ce0 c301 0e94 c202 582e 8371 09f4  D.l.......X..q..
00000920: 62cf 81e0 3acf 0f93 1f93 cf93 df93 8c01  b...:...........
00000930: d62f c42f 0e94 c202 c095 4c2f 4823 6d2f  ././......L/H#m/
00000940: c801 df91 cf91 1f91 0f91 0c94 e002 6f92  ..............o.
00000950: 7f92 8f92 af92 bf92 cf92 df92 ef92 ff92  ................
00000960: 0f93 cf93 df93 00d0 00d0 1f92 cdb7 deb7  ................
00000970: 3c01 82e0 8d83 40e0 64e2 c301 0e94 e002  <.....@.d.......
00000980: 40e0 66e2 c301 0e94 e002 46e2 68e4 c301  @.f.......F.h...
00000990: 0e94 e002 86e2 8b83 8d81 8230 c8f1 40e8  ...........0..@.
000009a0: 6ce1 c301 0e94 9304 87e0 8c83 1f92 812c  l..............,
000009b0: ce01 0496 5c01 0196 6c01 0497 7c01 01e0  ....\...l...|...
000009c0: 9e01 2d5f 3f4f 40e3 6ce0 c301 0e94 6403  ..-_?O@.l.....d.
000009d0: 982f 0f90 8111 19c0 8d81 8230 c9f4 8c81  ./.........0....
000009e0: 8111 16c0 81e0 0f90 0f90 0f90 0f90 0f90  ................
000009f0: df91 cf91 0f91 ff90 ef90 df90 cf90 bf90  ................
00000a00: af90 8f90 7f90 6f90 0895 81e0 9230 59f3  ......o......0Y.
00000a10: 80e0 e9cf 2f92 3f92 4f92 5f92 6f92 7f92  ..../.?.O._.o...
00000a20: 8f92 9f92 af92 bf92 cf92 df92 ef92 ff92  ................
00000a30: 0f93 1f93 cf93 df93 cdb7 deb7 2e97 0fb6  ................
00000a40: f894 debf 0fbe cdbf 06e0 4135 08f0 46c1  ..........A5..F.
00000a50: 4e87 3b01 2c01 40e8 6ce1 0e94 9304 83e9  N.;.,.@.l.......
00000a60: 8983 2e85 2223 29f0 81e0 f301 9081 9530  ...."#)........0
00000a70: 08f4 80e0 9924 9394 1c86 9c85 990f 990f  .....$..........
00000a80: 990f 1e85 191b 17fd 10e0 32e0 8823 19f0  ..........2..#..
00000a90: 98e8 9b83 33e0 21e0 912f 9770 09f4 20e0  ....3.!../.p.. .
00000aa0: 912f 9595 9595 9595 290f d1f0 94e0 8111  ./......).......
00000ab0: 93e0 2917 08f4 922f 2c85 e22f f0e0 3196  ..)..../,../..1.
00000ac0: e60d f71d 232f 4191 a1e0 b0e0 ac0f bd1f  ....#/A.........
00000ad0: a20f b11d 4c93 2f5f 422f 431b 4917 98f3  ....L./_B/C.I...
00000ae0: 8111 185f 1032 0cf4 84c0 80e7 8a83 8b81  ..._.2..........
00000af0: 9c81 8927 9d81 8927 9e81 8927 8f83 9e01  ...'...'...'....
00000b00: 285f 3f4f 47e0 be01 6f5f 7f4f c201 0e94  (_?OG...o_.O....
00000b10: fd02 082f 8111 e2c0 1a86 93e0 9b87 1d87  .../............
00000b20: fe01 3796 1f01 09e0 8a84 482d 4295 407f  ..7.......H-B.@.
00000b30: 480d 6ae1 c201 0e94 e002 1f92 ce01 0a96  H.j.............
00000b40: 5c01 fe01 3b96 6f01 7101 9e01 2f5f 3f4f  \...;.o.q.../_?O
00000b50: 40e3 6ce0 c201 0e94 6403 082f 0f90 8230  @.l.....d../...0
00000b60: 09f0 65c0 6ce1 c201 0e94 c202 85fd b6c0  ..e.l...........
00000b70: 8f71 09f4 80e2 282f 30e0 412f 110f 550b  .q....(/0.A/..U.
00000b80: 4217 5307 0cf0 9ec0 182f e22f e595 e595  B.S.....././....
00000b90: e595 ef5f 922f 9770 81e0 09f4 80e0 e80f  ..._./.p........
00000ba0: 81e0 90e0 8c0f 9d1f 8e0f 911d fc01 2150  ..............!P
00000bb0: 3109 2770 3327 81e0 90e0 02c0 880f 991f  1.'p3'..........
00000bc0: 2a95 e2f7 9c01 8081 822b 8083 8bcf 85e9  *........+......
00000bd0: 8983 fe85 ff23 31f0 81e0 f301 9081 9830  .....#1........0
00000be0: 08f0 4bcf 80e0 49cf 87e9 8983 f6e0 fc87  ..K...I.........
00000bf0: f9cf 912f 9770 9a87 812f 8595 8595 8595  .../.p.../......
00000c00: 8e5f 282f 2295 207f 290f 2a83 01e0 9111  ._(/". .).*.....
00000c10: 01c0 00e0 080f 2224 2394 312c 2c0e 3d1e  ......"$#.1,,.=.
00000c20: 280e 311c f9e0 f81b fb87 1d87 7dcf 8111  (.1.........}...
00000c30: 55c0 10e2 9d85 9032 0cf4 57cf 8b81 8838  U......2..W....8
00000c40: 09f0 42c0 83e0 93e0 2c85 e22f f0e0 3196  ..B.....,../..1.
00000c50: e60d f71d 980f a1e0 b0e0 ac0f bd1f a80f  ................
00000c60: b11d 2c91 2193 8f5f 8913 f5cf 8b85 8c87  ..,.!.._........
00000c70: 8330 09f0 4dc0 8a85 8111 4ac0 9e01 2d5f  .0..M.....J...-_
00000c80: 3f4f 41e0 b101 c201 0e94 fd02 082f 8111  ?OA........../..
00000c90: 25c0 9b81 f101 8181 9813 3cc0 9c81 8281  %.........<.....
00000ca0: 9813 38c0 8081 82ff 12c0 9394 f2e0 9f16  ..8.............
00000cb0: 09f4 8dcf 23e0 9216 09f4 96cf 81e0 9816  ....#...........
00000cc0: 09f4 cdce 05e0 0ac0 82e0 94e0 bdcf f301  ................
00000cd0: 8387 892d 880f 980e 9394 9082 802f 2e96  ...-........./..
00000ce0: 0fb6 f894 debf 0fbe cdbf df91 cf91 1f91  ................
00000cf0: 0f91 ff90 ef90 df90 cf90 bf90 af90 9f90  ................
00000d00: 8f90 7f90 6f90 5f90 4f90 3f90 2f90 0895  ....o._.O.?./...
00000d10: 01e0 e4cf 07e0 e2cf fc01 0190 0020 e9f7  ............. ..
00000d20: 3197 af01 481b 590b bc01 80e8 91e0 0c94  1...H.Y.........
00000d30: 8f00 cf93 df93 0e94 8c06 ec01 82e2 91e0  ................
00000d40: 0e94 8c06 8c0f 9d1f df91 cf91 0895 1f92  ................
00000d50: 0f92 0fb6 0f92 1124 2f93 3f93 4f93 5f93  .......$/.?.O._.
00000d60: 6f93 7f93 8f93 9f93 af93 bf93 ef93 ff93  o...............
00000d70: 80e8 91e0 0e94 0d01 ff91 ef91 bf91 af91  ................
00000d80: 9f91 8f91 7f91 6f91 5f91 4f91 3f91 2f91  ......o._.O.?./.
00000d90: 0f90 0fbe 0f90 1f90 1895 1f92 0f92 0fb6  ................
00000da0: 0f92 1124 2f93 8f93 9f93 ef93 ff93 e091  ...$/...........
00000db0: 9001 f091 9101 8081 e091 9601 f091 9701  ................
00000dc0: 82fd 1bc0 9081 8091 9901 8f5f 8f73 2091  ..........._.s .
00000dd0: 9a01 8217 41f0 e091 9901 f0e0 e058 fe4f  ....A........X.O
00000de0: 958f 8093 9901 ff91 ef91 9f91 8f91 2f91  ............../.
00000df0: 0f90 0fbe 0f90 1f90 1895 8081 f4cf 1f92  ................
00000e00: 0f92 0fb6 0f92 1124 2f93 3f93 8f93 9f93  .......$/.?.....
00000e10: af93 bf93 8091 7701 9091 7801 a091 7901  ......w...x...y.
00000e20: b091 7a01 3091 7601 23e0 230f 2d37 58f5  ..z.0.v.#.#.-7X.
00000e30: 0196 a11d b11d 2093 7601 8093 7701 9093  ...... .v...w...
00000e40: 7801 a093 7901 b093 7a01 8091 7b01 9091  x...y...z...{...
00000e50: 7c01 a091 7d01 b091 7e01 0196 a11d b11d  |...}...~.......
00000e60: 8093 7b01 9093 7c01 a093 7d01 b093 7e01  ..{...|...}...~.
00000e70: bf91 af91 9f91 8f91 3f91 2f91 0f90 0fbe  ........?./.....
00000e80: 0f90 1f90 1895 26e8 230f 0296 a11d b11d  ......&.#.......
00000e90: d2cf e0e8 f1e0 1382 1282 88ee 93e0 a0e0  ................
00000ea0: b0e0 8483 9583 a683 b783 8ae0 91e0 9183  ................
00000eb0: 8083 85ec 90e0 9587 8487 84ec 90e0 9787  ................
00000ec0: 8687 80ec 90e0 918b 808b 81ec 90e0 938b  ................
00000ed0: 828b 82ec 90e0 958b 848b 86ec 90e0 978b  ................
00000ee0: 868b 118e 128e 138e 148e ede1 f2e0 8ce1  ................
00000ef0: 91e0 9183 8083 8ae0 8687 89e0 8787 0895  ................
00000f00: cf93 df93 cdb7 deb7 e497 0fb6 f894 debf  ................
00000f10: 0fbe cdbf 7894 84b5 8260 84bd 84b5 8160  ....x....`.....`
00000f20: 84bd 85b5 8260 85bd 85b5 8160 85bd 8091  .....`.....`....
00000f30: 6e00 8160 8093 6e00 1092 8100 8091 8100  n..`..n.........
00000f40: 8260 8093 8100 8091 8100 8160 8093 8100  .`.........`....
00000f50: 8091 8000 8160 8093 8000 8091 b100 8460  .....`.........`
00000f60: 8093 b100 8091 b000 8160 8093 b000 8091  .........`......
00000f70: 7a00 8460 8093 7a00 8091 7a00 8260 8093  z..`..z...z..`..
00000f80: 7a00 8091 7a00 8160 8093 7a00 8091 7a00  z...z..`..z...z.
00000f90: 8068 8093 7a00 1092 c100 e091 9001 f091  .h..z...........
00000fa0: 9101 82e0 8083 e091 8c01 f091 8d01 1082  ................
00000fb0: e091 8e01 f091 8f01 8fec 8083 1092 9801  ................
00000fc0: e091 9401 f091 9501 86e0 8083 e091 9201  ................
00000fd0: f091 9301 8081 8061 8083 e091 9201 f091  .......a........
00000fe0: 9301 8081 8860 8083 e091 9201 f091 9301  .....`..........
00000ff0: 8081 8068 8083 e091 9201 f091 9301 8081  ...h............
00001000: 8f7d 8083 1fb7 f894 8091 7f01 8111 27c0  .}............'.
00001010: e0e9 f0e0 8491 e4ea f0e0 9491 e82f f0e0  ............./..
00001020: ee0f ff1f ee58 ff4f a591 b491 ec91 e923  .....X.O.......#
00001030: 21f4 61e0 8ae0 0e94 c501 61e0 8ae0 0e94  !.a.......a.....
00001040: f301 8cb5 8061 8cbd 8cb5 8064 8cbd 61e0  .....a.....d..a.
00001050: 8de0 0e94 f301 61e0 8be0 0e94 f301 8091  ......a.........
00001060: 7f01 8f5f 8093 7f01 1fbf 61e0 8091 2b02  ..._......a...+.
00001070: 0e94 f301 61e0 8091 2b02 0e94 c501 8091  ....a...+.......
00001080: 2c02 8f3f 09f4 03c1 60e0 0e94 f301 2091  ,..?....`..... .
00001090: 2c02 30e0 f901 e255 ff4f 8491 f901 e656  ,.0....U.O.....V
000010a0: ff4f 9490 f901 ea57 ff4f 1491 1111 e0c0  .O.....W.O......
000010b0: 61e0 8091 2c02 0e94 f301 60e0 8091 2c02  a...,.....`...,.
000010c0: 0e94 c501 83e0 90e0 0197 f1f7 61e0 8091  ............a...
000010d0: 2c02 0e94 c501 62e3 70e0 80e0 90e0 0e94  ,.....b.p.......
000010e0: 4902 40e0 64e2 8de1 92e0 0e94 e002 40e0  I.@.d.........@.
000010f0: 66e2 8de1 92e0 0e94 e002 46e2 68e4 8de1  f.........F.h...
00001100: 92e0 0e94 e002 40e8 64e5 8de1 92e0 0e94  ......@.d.......
00001110: e002 49ea 66e5 8de1 92e0 0e94 e002 43e0  ..I.f.........C.
00001120: 68e5 8de1 92e0 0e94 e002 48ee 6ae5 8de1  h.........H.j...
00001130: 92e0 0e94 e002 40e4 6ae2 8de1 92e0 0e94  ......@.j.......
00001140: e002 4de3 62e2 8de1 92e0 0e94 e002 68e2  ..M.b.........h.
00001150: 8de1 92e0 0e94 c202 982f 9370 9330 39f0  ........./.p.09.
00001160: 482f 4360 68e2 8de1 92e0 0e94 e002 85e2  H/C`h...........
00001170: 91e0 0e94 9906 82e2 91e0 0e94 8c06 3e01  ..............>.
00001180: 8de0 680e 711c 2e01 91e1 490e 511c 14e0  ..h.q.....I.Q...
00001190: 2224 2394 8de1 92e0 0e94 a704 8823 09f4  "$#..........#..
000011a0: 5ac0 8de1 92e0 0e94 7b02 8823 09f4 53c0  Z.......{..#..S.
000011b0: 86e0 e0e0 f1e0 de01 9496 0190 0d92 8a95  ................
000011c0: e1f7 ae01 4c5d 5f4f fe01 ba96 cf01 da01  ....L]_O........
000011d0: 2d91 ad01 dc01 2d93 cd01 4e17 5f07 b9f7  -.....-...N._...
000011e0: b0e6 b983 1a83 de01 1396 cf01 0696 3a2e  ..............:.
000011f0: 9b2e 2191 2d93 e817 f907 d9f7 e091 1f02  ..!.-...........
00001200: e150 ff0b e35e fd4f de01 1996 8191 8d93  .P...^.O........
00001210: 6a16 7b06 d9f7 1f92 812c b12c a12c d12c  j.{......,.,.,.,
00001220: c12c f12c e12c 0ce0 9e01 2f5f 3f4f 40e1  .,.,.,..../_?O@.
00001230: 6ee0 8de1 92e0 0e94 6403 0f90 8823 09f4  n.......d....#..
00001240: 3dc0 8ce4 91e0 0e94 9906 68eb 7be0 80e0  =.........h.{...
00001250: 90e0 0e94 4902 a0e0 b0e0 ab2b 09f4 9acf  ....I......+....
00001260: 0e94 f900 8823 09f4 92cf 0e94 0000 8fcf  .....#..........
00001270: 8111 0e94 9c01 e12f f0e0 ee0f ff1f e458  ......./.......X
00001280: ff4f a591 b491 ec91 9e22 09f4 11cf 4fe0  .O......."....O.
00001290: 62e0 8de1 92e0 0e94 e002 13e0 62e3 70e0  b...........b.p.
000012a0: 80e0 90e0 0e94 4902 62e0 8de1 92e0 0e94  ......I.b.......
000012b0: c202 84ff 16cf 1150 89f7 13cf 82e1 8cab  .......P........
000012c0: 90e3 9983 1a83 232d 392d 42e0 be01 6f5f  ......#-9-B...o_
000012d0: 7f4f 8de1 92e0 0e94 fd02 8111 b2cf 2f92  .O............/.
000012e0: 812c b12c a12c de01 d496 6d01 ce01 0196  .,.,.,....m.....
000012f0: 7c01 04e0 9c01 40e3 6ce0 8de1 92e0 0e94  |.....@.l.......
00001300: 6403 0f90 8111 9dcf d701 fe01 7396 3e2e  d...........s.>.
00001310: 9f2e 8d91 8193 4a16 5b06 d9f7 1ba2 8be5  ......J.[.......
00001320: 91e0 0e94 9906 8be6 91e0 0e94 8c06 832d  ...............-
00001330: 992d 0e94 8c06 82e2 91e0 0e94 8c06 80e5  .-..............
00001340: 88ab 19aa 9e01 2e5c 3f4f 42e0 be01 605d  .......\?OB...`]
00001350: 7f4f 8de1 92e0 0e94 fd02 8111 13c0 1f92  .O..............
00001360: 812c b12c a12c d12c c12c f12c e12c 04e0  .,.,.,.,.,.,.,..
00001370: 9e01 205d 3f4f 40e3 6ce0 8de1 92e0 0e94  .. ]?O@.l.......
00001380: 6403 0f90 48e0 60e1 8de1 92e0 0e94 9304  d...H.`.........
00001390: 5ccf ee0f ff1f 0590 f491 e02d 0994 f894  \..........-....
000013a0: ffcf a52f 51a9 d337 0000 0000 2f01 8f00  .../Q..7..../...
000013b0: bc00 7c01 ed00 cb00 df00 0000 0000 0a05  ..|.............
000013c0: a704 7b02 0d0a 0041 7070 726f 7869 6d61  ..{....Approxima
000013d0: 7465 2079 6f75 7220 6361 7264 2074 6f20  te your card to 
000013e0: 7468 6520 7265 6164 6572 2e2e 2e00 4163  the reader....Ac
000013f0: 6365 7373 2064 656e 6965 6421 0041 6363  cess denied!.Acc
00001400: 6573 7320 6772 616e 7465 6421 0043 6172  ess granted!.Car
00001410: 6420 4944 3a20 0000 ffff ffff ffff ffff  d ID: ..........
00001420: ffff ffff ffff ffff ffff ffff ffff ffff  ................
00001430: ffff ffff ffff ffff ffff ffff ffff ffff  ................
00001440: ffff ffff ffff ffff ffff ffff ffff ffff  ................
00001450: ffff ffff ffff ffff ffff ffff ffff ffff  ................
00001460: ffff ffff ffff ffff ffff ffff ffff ffff  ................
00001470: ffff ffff ffff ffff ffff ffff ffff ffff  ................
00001480: c100 9c01 f200 d000 e400 0000 0000 1b05  ................
00001490: b304 9b02 0d0a 0020 0020 3000 4170 7072  ....... . 0.Appr
000014a0: 6f78 696d 6174 6520 796f 7572 2063 6172  oximate your car
000014b0: 6420 746f 2074 6865 2072 6561 6465 722e  d to the reader.
000014c0: 2e2e 0041 6363 6573 7320 6465 6e69 6564  ...Access denied
000014d0: 2100 4163 6365 7373 2067 7261 6e74 6564  !.Access granted
000014e0: 2100 ffff ffff ffff ffff ffff ffff ffff  !...............
000014f0: ffff ffff ffff ffff ffff ffff ffff ffff  ................
00001500: cf02 8f5f 8093 cf02 1fbf 61e0 8091 9403  ..._......a.....
00001510: 0e94 0f03 61e0 8091 9403 0e94 e102 8091  ....a...........
00001520: 9503 8f3f 09f4 cfc0 60e0 0e94 0f03 2091  ...?....`..... .
00001530: 9503 30e0 f901 ec55 fe4f 8491 f901 e057  ..0....U.O.....W
00001540: fe4f 7490 f901 e458 fe4f 1491 1111 acc0  .Ot....X.O......
00001550: 61e0 8091 9503 0e94 0f03 60e0 8091 9503  a.........`.....
00001560: 0e94 e102 83e0 90e0 0197 f1f7 61e0 8091  ............a...
00001570: 9503 0e94 e102 0e94 6503 40e0 64e2 86e8  ........e.@.d...
00001580: 93e0 0e94 2e04 40e0 66e2 86e8 93e0 0e94  ......@.f.......
00001590: 2e04 46e2 68e4 86e8 93e0 0e94 2e04 40e8  ..F.h.........@.
000015a0: 64e5 86e8 93e0 0e94 2e04 49ea 66e5 86e8  d.........I.f...
000015b0: 93e0 0e94 2e04 43e0 68e5 86e8 93e0 0e94  ......C.h.......
000015c0: 2e04 48ee 6ae5 86e8 93e0 0e94 2e04 40e4  ..H.j.........@.
000015d0: 6ae2 86e8 93e0 0e94 2e04 4de3 62e2 86e8  j.........M.b...
000015e0: 93e0 0e94 2e04 68e2 86e8 93e0 0e94 1004  ......h.........
000015f0: 982f 9370 9330 39f0 482f 4360 68e2 86e8  ./.p.09.H/C`h...
00001600: 93e0 0e94 2e04 8ae7 91e0 0e94 8808 3e01  ..............>.
00001610: 27e0 620e 711c 86e0 e1e1 f1e0 de01 1196  '.b.q...........
00001620: 0190 0d92 8a95 e1f7 fe01 3196 a3ee b2e0  ..........1.....
00001630: 8191 8d93 6e16 7f06 d9f7 86e8 93e0 0e94  ....n...........
00001640: 3306 8823 09f4 48c1 86e8 93e0 0e94 9a03  3..#..H.........
00001650: 8823 09f4 41c1 85e7 91e0 0e94 7308 80ea  .#..A.......s...
00001660: 91e0 0e94 8808 89eb 92e0 0e94 7d02 10e0  ............}...
00001670: 8091 8803 1817 08f0 3cc0 812f 90e0 fc01  ........<../....
00001680: ea57 fc4f 7f01 8381 8031 80f1 81e8 92e0  .W.O.....1......
00001690: 0e94 7308 f701 6381 70e0 90e0 80e0 40e1  ..s...c.p.....@.
000016a0: 0e94 2f08 1f5f e4cf 8111 0e94 b802 e12f  ../.._........./
000016b0: f0e0 ee0f ff1f ee58 fe4f a591 b491 ec91  .......X.O......
000016c0: 7e22 09f4 45cf 4fe0 62e0 86e8 93e0 0e94  ~"..E.O.b.......
000016d0: 2e04 13e0 0e94 6503 62e0 86e8 93e0 0e94  ......e.b.......
000016e0: 1004 84ff 4acf 1150 a9f7 47cf 87e7 91e0  ....J..P..G.....
000016f0: cfcf 85e7 91e0 0e94 7308 8dea 92e0 0e94  ........s.......
00001700: 7d02 e091 9303 ef77 e134 70f4 f0e0 e95e  }......w.4p....^
00001710: fe4f 8081 8530 09f4 43c0 80f4 8230 f9f0  .O...0..C....0..
00001720: 30f4 8130 09f4 48c0 88eb 91e0 1ac0 8330  0..0..H........0
00001730: a1f1 8430 c9f7 8fe3 92e0 13c0 8830 b1f1  ...0.........0..
00001740: 38f4 8630 81f1 8730 79f7 86e0 92e0 09c0  8..0...0y.......
00001750: 8930 79f1 8f3f 41f7 85ec 91e0 02c0 81e6  .0y..?A.........
00001760: 92e0 0e94 7a08 85e7 91e0 0e94 7308 82eb  ....z.......s...
00001770: 91e0 0e94 8808 84e0 0e94 e105 8093 d002  ................
00001780: 8823 e9f0 8bec 91e0 0e94 7308 8091 d002  .#........s.....
00001790: 0e94 aa03 0e94 7a08 2dc0 8ae4 92e0 e1cf  ......z.-.......
000017a0: 84e3 92e0 decf 82e1 92e0 dbcf 87ef 91e0  ................
000017b0: d8cf 88ee 91e0 d5cf 89e8 92e0 d2cf 8dee  ................
000017c0: 91e0 0e94 8808 80ea 8f83 84e0 8887 62e0  ..............b.
000017d0: c301 0e94 9608 8111 8cc0 60e1 81e0 91e0  ..........`.....
000017e0: 0e94 9608 8111 85c0 1092 d002 84e0 92e0  ................
000017f0: 0e94 8808 85e7 91e0 0e94 7308 87e4 92e0  ..........s.....
00001800: 0e94 8808 84e0 0e94 e105 182f 82e6 92e0  .........../....
00001810: 1111 37c0 8dee 91e0 0e94 8808 8091 0001  ..7.............
00001820: 8231 08f4 6bc0 80e3 8093 d102 84e0 8093  .1..k...........
00001830: d202 23ed 32e0 42e0 61ed 72e0 86e8 93e0  ..#.2.B.a.r.....
00001840: 0e94 4b04 182f 8111 1ac0 81e0 8f93 812c  ..K../.........,
00001850: b12c a12c 80e0 c82e 81e0 d82e 91ed e92e  .,.,............
00001860: 92e0 f92e 04e0 9701 40e3 6ce0 86e8 93e0  ........@.l.....
00001870: 0e94 b204 182f 0f90 8823 09f4 41c0 83e8  ...../...#..A...
00001880: 92e0 0e94 7308 812f 0e94 aa03 0e94 7a08  ....s../......z.
00001890: 85e7 91e0 0e94 7308 80eb 92e0 0e94 7308  ......s.......s.
000018a0: 4ae0 64e0 70e0 80e0 90e0 0e94 2f08 8feb  J.d.p......./...
000018b0: 92e0 0e94 7308 01ed 12e0 f801 6191 8f01  ....s.......a...
000018c0: 89ee 92e0 0e94 3002 f2e0 013e 1f07 a9f7  ......0....>....
000018d0: 85e7 91e0 0e94 7308 80e0 90e0 892b 09f4  ......s......+..
000018e0: 9ace 0e94 fa01 8823 09f4 95ce 0e94 0000  .......#........
000018f0: 92ce 8093 d002 8de2 92e0 46cf 14e0 bfcf  ..........F.....
00001900: 84e9 92e0 0e94 8808 c3cf a1e2 1a2e aa1b  ................
00001910: bb1b fd01 0dc0 aa1f bb1f ee1f ff1f a217  ................
00001920: b307 e407 f507 20f0 a21b b30b e40b f50b  ...... .........
00001930: 661f 771f 881f 991f 1a94 69f7 6095 7095  f.w.......i.`.p.
00001940: 8095 9095 9b01 ac01 bd01 cf01 0895 ee0f  ................
00001950: ff1f 0590 f491 e02d 0994 fb01 dc01 02c0  .......-........
00001960: 0190 0d92 4150 5040 d8f7 0895 f894 ffcf  ....APP@........
00001970: 1238 3330 6561 6235 3465 3538 3561 6162  .830eab54e585aab
00001980: 35a5 2f51 a9d3 3706 0900 00ff 0000 0004  5./Q..7.........
00001990: 0300 0000 0000 0007 0700 0000 0000 0005  ................
000019a0: 0000 0000 0000 0001 0000 0000 0000 0000  ................
000019b0: 0000 0000 0000 0000 0000 0000 0000 0000  ................
000019c0: 0000 0000 0000 0002 0000 0000 3002 9001  ............0...
000019d0: bd01 9802 ee01 cc01 e001 0000 0000 9b06  ................
000019e0: 3306 9a03 0d0a 0020 3000 5363 616e 2061  3...... 0.Scan a
000019f0: 204d 4946 4152 4520 314b 2054 6167 2074   MIFARE 1K Tag t
00001a00: 6f20 7772 6974 6520 6461 7461 2e2e 2e00  o write data....
00001a10: 2a2a 4361 7264 2044 6574 6563 7465 642a  **Card Detected*
00001a20: 2a00 5772 6974 696e 6720 746f 2044 6174  *.Writing to Dat
00001a30: 6120 426c 6f63 6b2e 2e2e 0041 7574 6865  a Block....Authe
00001a40: 6e74 6963 6174 696f 6e20 6661 696c 6564  ntication failed
00001a50: 2066 6f72 2057 7269 7465 3a20 0041 7574   for Write: .Aut
00001a60: 6865 6e74 6963 6174 696f 6e20 7375 6363  hentication succ
00001a70: 6573 7300 4461 7461 2077 6173 2077 7269  ess.Data was wri
00001a80: 7474 656e 2069 6e74 6f20 426c 6f63 6b20  tten into Block 
00001a90: 7375 6363 6573 7366 756c 6c79 0057 7269  successfully.Wri
00001aa0: 7469 6e67 2074 6f20 426c 6f63 6b20 6661  ting to Block fa
00001ab0: 696c 6564 3a20 0052 6561 6469 6e67 2066  iled: .Reading f
00001ac0: 726f 6d20 4461 7461 2042 6c6f 636b 2e2e  rom Data Block..
00001ad0: 2e00 4175 7468 656e 7469 6361 7469 6f6e  ..Authentication
00001ae0: 2066 6169 6c65 6420 666f 7220 5265 6164   failed for Read
00001af0: 3a20 0052 6561 6469 6e67 2066 6169 6c65  : .Reading faile
00001b00: 643a 2000 426c 6f63 6b20 7761 7320 7265  d: .Block was re
00001b10: 6164 2073 7563 6365 7373 6675 6c6c 7900  ad successfully.
00001b20: 4461 7461 2069 6e20 426c 6f63 6b3a 0020  Data in Block:. 
00001b30: 2d2d 3e20 0000 ffff ffff ffff ffff ffff  --> ............
00001b40: ffff ffff ffff ffff ffff ffff ffff ffff  ................
00001b50: ffff ffff ffff ffff ffff ffff ffff ffff  ................
00001b60: ffff ffff ffff ffff ffff ffff ffff ffff  ................
00001b70: ffff ffff ffff ffff ffff ffff ffff ffff  ................
00001b80: c504 0e94 9809 9a94 3fef 9312 2dcf 96cf  ........?...-...
00001b90: 9e01 2f5f 3f4f 7901 00e0 d701 8d91 7d01  ../_?Oy.......}.
00001ba0: 8031 08f0 c6c0 85e0 93e0 0e94 9b03 f701  .1..............
00001bb0: 3197 6081 70e0 90e0 80e0 40e1 0e94 4209  1.`.p.....@...B.
00001bc0: 802f 8370 8330 21f4 81e0 93e0 0e94 9b03  ./.p.0!.........
00001bd0: 0f5f 0031 11f7 7720 09f4 6bc0 f884 8f2d  ._.1..w ..k....-
00001be0: 90e0 fc01 24e0 f595 e795 2a95 e1f7 2985  ....$.....*...).
00001bf0: b22f bf70 db2e 30e0 d901 44e0 b595 a795  ./.p..0...D.....
00001c00: 4a95 e1f7 7f81 4d2d 50e0 672f 6095 6f70  J.....M-P.g/`.op
00001c10: 6e17 1f06 a9f4 672f 70e0 04e0 7595 6795  n.....g/p...u.g.
00001c20: 0a95 e1f7 0fe0 6027 6417 7507 49f4 7f2d  ......`'d.u.I..-
00001c30: 7095 7f70 7724 7394 7a17 1b06 09f4 712c  p..pw$s.z.....q,
00001c40: bf01 660f 771f 660f 771f 6470 7a01 ee0c  ..f.w.f.w.dpz...
00001c50: ff1c 7e2d 7270 672b a170 6a2b 6da3 25fb  ..~-rpg+.pj+m.%.
00001c60: 6627 60f9 0d2d 0270 602b df01 aa0f bb1f  f'`..-.p`+......
00001c70: a470 6a2b 6ea3 26fb 6627 60f9 e470 e62b  .pj+n.&.f'`..p.+
00001c80: ba01 7595 6795 6270 e62b efa3 a5e0 9595  ..u.g.bp.+......
00001c90: 8795 aa95 e1f7 8470 220f 232f 221f 330b  .......p".#/".3.
00001ca0: 822b 5595 4795 5595 4795 4270 842b 88a7  .+U.G.U.G.Bp.+..
00001cb0: 272c 24e0 4216 09f4 3fc0 892d 65e0 0e94  ',$.B...?..-e...
00001cc0: 610f 8330 09f4 6ec0 082f 282f 880f 330b  a..0..n../(/..3.
00001cd0: 892d 092c 000c 990b 0196 65e0 70e0 0e94  .-.,......e.p...
00001ce0: 6f0f 2617 3707 49f5 e5e2 f0e0 ec0f fd1f  o.&.7.I.........
00001cf0: e00f f11d 8081 8130 19f0 8630 09f0 4ec0  .......0...0..N.
00001d00: c980 da80 eb80 fc80 85ec 92e0 0e94 9b03  ................
00001d10: 40e1 c701 b601 0e94 4209 8deb 92e0 0e94  @.......B.......
00001d20: 9b03 6d85 70e0 90e0 80e0 40e1 0e94 4209  ..m.p.....@...B.
00001d30: 35c0 83e0 93e0 39cf 092d 8def 92e0 0e94  5.....9..-......
00001d40: 9b03 e5e2 f0e0 ec0f fd1f e00f f11d f080  ................
00001d50: f2fa 8827 80f9 90e0 0e94 a409 8bef 92e0  ...'............
00001d60: 0e94 9b03 f1fa 8827 80f9 90e0 0e94 a409  .......'........
00001d70: 89ef 92e0 0e94 9b03 8f2d 8170 90e0 0e94  .........-.p....
00001d80: a409 85ef 92e0 0e94 9b03 2220 21f0 8fec  .........." !...
00001d90: 92e0 0e94 9b03 0330 09f0 a6cf 0e94 9009  .......0........
00001da0: 712c f1ce 03e0 c9cf 8cea 92e0 0e94 9809  q,..............
00001db0: 212c 312c 2101 3e01 81e1 680e 711c 92e1  !,1,!.>...h.q...
00001dc0: 9b8b a0e3 a983 2a82 9e01 2d5f 3f4f 42e0  ......*...-_?OB.
00001dd0: be01 6f5f 7f4f 87e0 92e0 0e94 6605 182f  ..o_.O......f../
00001de0: 8111 17c0 b1e0 bf93 812c b12c a12c fe01  .........,.,.,..
00001df0: 7396 6f01 9e01 2f5f 3f4f 7901 04e0 40e3  s.o.../_?Oy...@.
00001e00: 6ce0 87e0 92e0 0e94 cd05 182f 0f90 8823  l........../...#
00001e10: 51f0 85e9 92e0 0e94 9b03 812f 0e94 c504  Q........../....
00001e20: 0e94 9809 58ce 8e01 0f5f 1f4f 5201 4101  ....X...._.OR.A.
00001e30: 39e0 82e9 92e0 3815 10f4 80e9 92e0 0e94  9.....8.........
00001e40: 9b03 4ae0 c501 b401 0e94 4209 8de8 92e0  ..J.......B.....
00001e50: 0e94 9b03 7801 d12c d701 8d91 7d01 8031  ....x..,....}..1
00001e60: 50f5 8ae8 92e0 0e94 9b03 f701 3197 6081  P...........1.`.
00001e70: 70e0 90e0 80e0 40e1 0e94 4209 d394 b4e0  p.....@...B.....
00001e80: db12 eacf 0e94 9009 0c5f 1f4f efef 8e1a  ........._.O....
00001e90: 9e0a ae0a be0a 6016 7106 51f6 f4e0 2f0e  ......`.q.Q.../.
00001ea0: 311c 411c 511c 00e1 2016 3104 4104 5104  1.A.Q... .1.A.Q.
00001eb0: 09f0 85cf 10ce 88e8 92e0 d5cf 84ec 94e0  ................
00001ec0: afcf 87fb 082e 0626 87fd 8195 67fd 6195  .......&....g.a.
00001ed0: 0e94 ab0f 0ef4 9195 07fc 8195 0895 97fb  ................
00001ee0: 072e 16f4 0094 07d0 77fd 09d0 0e94 b70f  ........w.......
00001ef0: 07fc 05d0 3ef4 9095 8195 9f4f 0895 7095  ....>......O..p.
00001f00: 6195 7f4f 0895 a1e2 1a2e aa1b bb1b fd01  a..O............
00001f10: 0dc0 aa1f bb1f ee1f ff1f a217 b307 e407  ................
00001f20: f507 20f0 a21b b30b e40b f50b 661f 771f  .. .........f.w.
00001f30: 881f 991f 1a94 69f7 6095 7095 8095 9095  ......i.`.p.....
00001f40: 9b01 ac01 bd01 cf01 0895 ee0f ff1f 0590  ................
00001f50: f491 e02d 0994 991b 79e0 04c0 991f 9617  ...-....y.......
00001f60: 08f0 961b 881f 7a95 c9f7 8095 0895 aa1b  ......z.........
00001f70: bb1b 51e1 07c0 aa1f bb1f a617 b707 10f0  ..Q.............
00001f80: a61b b70b 881f 991f 5a95 a9f7 8095 9095  ........Z.......
00001f90: bc01 cd01 0895 f894 ffcf 0609 0000 ff00  ................
00001fa0: 0000 0403 0000 0000 0000 0707 0000 0000  ................
00001fb0: 0000 0500 0000 0000 0000 0100 0000 0000  ................
00001fc0: 0000 0000 0000 0000 0000 0000 0000 0000  ................
00001fd0: 0000 0000 0000 0000 0000 0200 0000 004e  ...............N
00001fe0: 03ae 02db 02b6 030c 03ea 02fe 0200 0000  ................
00001ff0: 00c0 075d 07b5 040d 0a00 ffff ffff ffff  ...]............
00002000: 1e10 1e10 1e10 d511 3f12 3f12 3f12 88ed  ........?.?.?...
00002010: 95e0 1830 e9f2 48f4 83ef 95e0 1630 c1f2  ...0..H......0..
00002020: 87ee 95e0 1730 a1f2 c8cf 89ec 95e0 1930  .....0.........0
00002030: 79f2 86ea 95e0 1f3f 59f2 bfcf 8fef 89a3  y......?Y.......
00002040: 8aa3 8ba3 8ca3 8da3 8ea3 10e1 9430 21f0  .............0!.
00002050: 15e0 9530 09f4 18e2 8ce4 95e0 0e94 f80a  ...0............
00002060: 1150 1032 0cf0 67c0 b12e bb0c bb0c 74e0  .P.2..g.......t.
00002070: a72e 0fef 0a0d 2296 dfac 2297 912c f02e  ......"..."..,..
00002080: fb0c 89e3 95e0 dd20 79f0 88e4 95e0 1a30  ....... y......0
00002090: 14f0 85e4 95e0 0e94 b004 6ae0 70e0 812f  ..........j.p../
000020a0: 0e94 480b 81e4 95e0 0e94 b004 f9e0 85e3  ..H.............
000020b0: 95e0 ff15 38f4 23e6 82e3 95e0 2f15 10f4  ....8.#...../...
000020c0: 80e3 95e0 0e94 b004 6ae0 70e0 8f2d 0e94  ........j.p..-..
000020d0: 480b 8de2 95e0 0e94 b004 dd20 a9f1 49e1  H.......... ..I.
000020e0: 52e0 be01 6f5d 7f4f 8b2d 0e94 3208 e82e  R...o].O.-..2...
000020f0: 8823 51f1 81e1 95e0 0e94 b004 8e2d 0e94  .#Q..........-..
00002100: da05 0e94 f80a 1150 08f0 abcf 87e1 92e0  .......P........
00002110: 0e94 8408 48e0 60e1 87e1 92e0 0e94 d108  ....H.`.........
00002120: 0e94 f40a 87e1 92e0 0e94 8408 60ed 77e0  ............`.w.
00002130: 80e0 90e0 46cd 88e0 810f b82e b294 50ef  ....F.........P.
00002140: b522 60e1 a62e 95cf 32e1 3daf 60e3 6983  ."`.....2.=.`.i.
00002150: fa82 9e01 2d5f 3f4f 42e0 be01 6f5f 7f4f  ....-_?OB...o_.O
00002160: 87e1 92e0 0e94 7b06 f82e 8111 0ac0 be01  ......{.........
00002170: 635c 7f4f ce01 0196 0e94 1108 f82e 8823  c\.O...........#
00002180: 69f0 8aef 94e0 0e94 b004 8f2d 0e94 da05  i..........-....
00002190: 0e94 f80a 0150 08f0 72cf b5cf ce01 0196  .....P..r.......
000021a0: 7c01 812c f701 8191 7f01 8031 08f0 c1c0  |..,.......1....
000021b0: 87ef 94e0 0e94 b004 60e1 70e0 f701 3197  ........`.p...1.
000021c0: 8081 0e94 480b 882d 8370 8330 21f4 83ef  ....H..-.p.0!...
000021d0: 94e0 0e94 b004 8394 f0e1 8f12 e3cf dd20  ............... 
000021e0: 09f4 6bc0 a885 8a2f 90e0 fc01 24e0 f595  ..k..../....$...
000021f0: e795 2a95 e1f7 2985 322f 3f70 932e 30e0  ..*...).2/?p..0.
00002200: 7901 44e0 f594 e794 4a95 e1f7 6f81 492d  y.D.....J...o.I-
00002210: 50e0 762f 7095 7f70 7e17 1f06 99f4 70e0  P.v/p..p~.....p.
00002220: b4e0 7595 6795 ba95 e1f7 bfe0 6b27 6417  ..u.g.......k'd.
00002230: 7507 41f4 a095 af70 dd24 d394 ae15 1f04  u.A....p.$......
00002240: 09f4 d12c bf01 660f 771f 660f 771f 6470  ...,..f.w.f.w.dp
00002250: da01 aa0f bb1f a270 a62b 6e2d 6170 e62e  .......p.+n-ap..
00002260: ea2a ebaa 25fb 6627 60f9 792d 7270 972e  .*..%.f'`.y-rp..
00002270: 962a bf01 660f 771f 6470 6929 6cab 26fb  .*..f.w.dpi)l.&.
00002280: 6627 60f9 e470 e62b ba01 7595 6795 6270  f'`..p.+..u.g.bp
00002290: e62b edab b5e0 9595 8795 ba95 e1f7 8470  .+.............p
000022a0: 220f 232f 221f 330b 822b 5595 4795 5595  ".#/".3..+U.G.U.
000022b0: 4795 4270 842b 8eab 9d2c 84e0 a816 e1f1  G.Bp.+...,......
000022c0: 802f 65e0 0e94 4a12 8330 09f4 6bc0 d82e  ./e...J..0..k...
000022d0: 282f 880f 330b 802f 002e 000c 990b 0196  (/..3../........
000022e0: b101 0e94 5812 2617 3707 39f5 e3e3 f0e0  ....X.&.7.9.....
000022f0: ec0f fd1f ed0d f11d 8081 8130 19f0 8630  ...........0...0
00002300: 09f0 4cc0 c980 da80 eb80 fc80 87eb 94e0  ..L.............
00002310: 0e94 b004 40e1 c701 b601 0e94 040b 8fea  ....@...........
00002320: 94e0 0e94 b004 60e1 70e0 8d85 0e94 480b  ......`.p.....H.
00002330: 35c0 85ef 94e0 3ecf d02e 8fee 94e0 0e94  5.....>.........
00002340: b004 e3e3 f0e0 ec0f fd1f ed0d f11d 8080  ................
00002350: 82fa 8827 80f9 90e0 0e94 4f0b 8dee 94e0  ...'......O.....
00002360: 0e94 b004 81fa 8827 80f9 90e0 0e94 4f0b  .......'......O.
00002370: 8bee 94e0 0e94 b004 882d 8170 90e0 0e94  .........-.p....
00002380: 4f0b 87ee 94e0 0e94 b004 9920 21f0 81ec  O.......... !...
00002390: 94e0 0e94 b004 93e0 d912 a8cf 0e94 f40a  ................
000023a0: d12c f8ce 43e0 d42e c8cf 8ee9 94e0 0e94  .,..C...........
000023b0: f80a d12c 22e1 b22e 30e3 a32e b9a2 a982  ...,"...0.......
000023c0: da82 9e01 2d5f 3f4f 42e0 be01 6f5f 7f4f  ....-_?OB...o_.O
000023d0: 87e1 92e0 0e94 7b06 182f 8111 0ac0 be01  ......{../......
000023e0: 6f5d 7f4f ce01 0196 0e94 1108 182f 8823  o].O........./.#
000023f0: 51f0 87e8 94e0 0e94 b004 812f 0e94 da05  Q........../....
00002400: 0e94 f80a 8dce 8e01 0f5f 1f4f 94e0 992e  ........._.O....
00002410: 9d0c b9e0 84e8 94e0 bd15 10f4 82e8 94e0  ................
00002420: 0e94 b004 6ae0 70e0 8d2d 0e94 480b 8fe7  ....j.p..-..H...
00002430: 94e0 0e94 b004 7801 84e0 c82e f701 8191  ......x.........
00002440: 7f01 8031 c8f4 8ce7 94e0 0e94 b004 60e1  ...1..........`.
00002450: 70e0 f701 3197 8081 0e94 480b ca94 c110  p...1.....H.....
00002460: edcf 0e94 f40a d394 0c5f 1f4f d910 d1cf  ........._.O....
00002470: f0e1 df12 a3cf 54ce 8ae7 94e0 e6cf 86eb  ......T.........
00002480: 96e0 becf 8ce6 91e0 eccb 87e4 93e0 0e94  ................
00002490: b004 69cc 87fb 082e 0626 87fd 8195 67fd  ..i......&....g.
000024a0: 6195 0e94 9412 0ef4 9195 07fc 8195 0895  a...............
000024b0: 97fb 072e 16f4 0094 07d0 77fd 09d0 0e94  ..........w.....
000024c0: a012 07fc 05d0 3ef4 9095 8195 9f4f 0895  ......>......O..
000024d0: 7095 6195 7f4f 0895 a1e2 1a2e aa1b bb1b  p.a..O..........
000024e0: fd01 0dc0 aa1f bb1f ee1f ff1f a217 b307  ................
000024f0: e407 f507 20f0 a21b b30b e40b f50b 661f  .... .........f.
00002500: 771f 881f 991f 1a94 69f7 6095 7095 8095  w.......i.`.p...
00002510: 9095 9b01 ac01 bd01 cf01 0895 ee0f ff1f  ................
00002520: 0590 f491 e02d 0994 991b 79e0 04c0 991f  .....-....y.....
00002530: 9617 08f0 961b 881f 7a95 c9f7 8095 0895  ........z.......
00002540: aa1b bb1b 51e1 07c0 aa1f bb1f a617 b707  ....Q...........
00002550: 10f0 a61b b70b 881f 991f 5a95 a9f7 8095  ..........Z.....
00002560: 9095 bc01 cd01 0895 fb01 dc01 02c0 0190  ................
00002570: 0d92 4150 5040 d8f7 0895 f894 ffcf 1111  ..APP@..........
00002580: 1111 ffff ffff ffff 0609 0000 ff00 0000  ................
00002590: 0403 0000 0000 0000 0707 0000 0000 0000  ................
000025a0: 0500 0000 0000 0000 0100 0000 0000 0000  ................
000025b0: 0000 0000 0000 0000 0000 0000 0000 0000  ................
000025c0: 0000 0000 0000 0000 0200 0000 0063 04c3  .............c..
000025d0: 03f0 03cb 0421 04ff 0313 0400 0000 00e5  .....!..........
000025e0: 08b6 0aca 050d 0a00 2000 2030 0000 ffff  ........ . 0....
000025f0: ffff ffff ffff ffff ffff ffff ffff ffff  ................
00002600: 551f 59f0 5f3f 71f0 4795 880f 97fb 991f  U.Y._?q.G.......
00002610: 61f0 9f3f 79f0 8795 0895 1216 1306 1406  a..?y...........
00002620: 551f f2cf 4695 f1df 08c0 1616 1706 1806  U...F...........
00002630: 991f f1cf 8695 7105 6105 0894 0895 e894  ......q.a.......
00002640: bb27 6627 7727 cb01 97f9 0895 2f92 3f92  .'f'w'....../.?.
00002650: 4f92 5f92 6f92 7f92 8f92 9f92 af92 bf92  O._.o...........
00002660: cf92 df92 ef92 ff92 0f93 1f93 cf93 df93  ................
00002670: cdb7 deb7 ca1b db0b 0fb6 f894 debf 0fbe  ................
00002680: cdbf 0994 2a88 3988 4888 5f84 6e84 7d84  ....*.9.H._.n.}.
00002690: 8c84 9b84 aa84 b984 c884 df80 ee80 fd80  ................
000026a0: 0c81 1b81 aa81 b981 ce0f d11d 0fb6 f894  ................
000026b0: debf 0fbe cdbf ed01 0895 5058 bb27 aa27  ..........PX.'.'
000026c0: 0e94 7513 0c94 ec12 0e94 de12 38f0 0e94  ..u.........8...
000026d0: e512 20f0 39f4 9f3f 19f4 26f4 0c94 db12  .. .9..?..&.....
000026e0: 0ef4 e095 e7fb 0c94 d512 e92f 0e94 fd12  .........../....
000026f0: 58f3 ba17 6207 7307 8407 9507 20f0 79f4  X...b.s..... .y.
00002700: a6f5 0c94 1f13 0ef4 e095 0b2e ba2f a02d  ............./.-
00002710: 0b01 b901 9001 0c01 ca01 a001 1124 ff27  .............$.'
00002720: 591b 99f0 593f 50f4 503e 68f1 1a16 f040  Y...Y?P.P>h....@
00002730: a22f 232f 342f 4427 585f f3cf 4695 3795  ./#/4/D'X_..F.7.
00002740: 2795 a795 f040 5395 c9f7 7ef4 1f16 ba0b  '....@S...~.....
00002750: 620b 730b 840b baf0 9150 a1f0 ff0f bb1f  b.s......P......
00002760: 661f 771f 881f c2f7 0ec0 ba0f 621f 731f  f.w.........b.s.
00002770: 841f 48f4 8795 7795 6795 b795 f795 9e3f  ..H...w.g......?
00002780: 08f0 b0cf 9395 880f 08f0 9927 ee0f 9795  ...........'....
00002790: 8795 0895 0e94 de13 0c94 ec12 0e94 e512  ................
000027a0: 58f0 0e94 de12 40f0 29f4 5f3f 29f0 0c94  X.....@.)._?)...
000027b0: d512 5111 0c94 2013 0c94 db12 0e94 fd12  ..Q... .........
000027c0: 68f3 9923 b1f3 5523 91f3 951b 550b bb27  h..#..U#....U..'
000027d0: aa27 6217 7307 8407 38f0 9f5f 5f4f 220f  .'b.s...8..__O".
000027e0: 331f 441f aa1f a9f3 35d0 0e2e 3af0 e0e8  3.D.....5...:...
000027f0: 32d0 9150 5040 e695 001c caf7 2bd0 fe2f  2..PP@......+../
00002800: 29d0 660f 771f 881f bb1f 2617 3707 4807  ).f.w.....&.7.H.
00002810: ab07 b0e8 09f0 bb0b 802d bf01 ff27 9358  .........-...'.X
00002820: 5f4f 3af0 9e3f 5105 78f0 0c94 d512 0c94  _O:..?Q.x.......
00002830: 2013 5f3f e4f3 983e d4f3 8695 7795 6795   ._?...>....w.g.
00002840: b795 f795 9f5f c9f7 880f 911d 9695 8795  ....._..........
00002850: 97f9 0895 e1e0 660f 771f 881f bb1f 6217  ......f.w.....b.
00002860: 7307 8407 ba07 20f0 621b 730b 840b ba0b  s..... .b.s.....
00002870: ee1f 88f7 e095 0895 0e94 4314 6894 b111  ..........C.h...
00002880: 0c94 2013 0895 0e94 0513 88f0 9f57 98f0  .. ..........W..
00002890: b92f 9927 b751 b0f0 e1f0 660f 771f 881f  ./.'.Q....f.w...
000028a0: 991f 1af0 ba95 c9f7 14c0 b130 91f0 0e94  ...........0....
000028b0: 1f13 b1e0 0895 0c94 1f13 672f 782f 8827  ..........g/x/.'
000028c0: b85f 39f0 b93f ccf3 8695 7795 6795 b395  ._9..?....w.g...
000028d0: d9f7 3ef4 9095 8095 7095 6195 7f4f 8f4f  ..>.....p.a..O.O
000028e0: 9f4f 0895 0e94 4412 08f4 8fef 0895 0e94  .O....D.........
000028f0: 4412 880b 990b 0895 97fb 072e 16f4 0094  D...............
00002900: 07d0 77fd 09d0 0e94 b214 07fc 05d0 3ef4  ..w...........>.
00002910: 9095 8195 9f4f 0895 7095 6195 7f4f 0895  .....O..p.a..O..
00002920: a1e2 1a2e aa1b bb1b fd01 0dc0 aa1f bb1f  ................
00002930: ee1f ff1f a217 b307 e407 f507 20f0 a21b  ............ ...
00002940: b30b e40b f50b 661f 771f 881f 991f 1a94  ......f.w.......
00002950: 69f7 6095 7095 8095 9095 9b01 ac01 bd01  i.`.p...........
00002960: cf01 0895 aa1b bb1b 51e1 07c0 aa1f bb1f  ........Q.......
00002970: a617 b707 10f0 a61b b70b 881f 991f 5a95  ..............Z.
00002980: a9f7 8095 9095 bc01 cd01 0895 ee0f ff1f  ................
00002990: 0590 f491 e02d 0994 cf93 df93 8230 9105  .....-.......0..
000029a0: 10f4 82e0 90e0 e091 8102 f091 8202 20e0  .............. .
000029b0: 30e0 c0e0 d0e0 3097 11f1 4081 5181 4817  0.....0...@.Q.H.
000029c0: 5907 c0f0 4817 5907 61f4 8281 9381 2097  Y...H.Y.a..... .
000029d0: 19f0 9b83 8a83 2bc0 9093 8202 8093 8102  ......+.........
000029e0: 26c0 2115 3105 19f0 4217 5307 18f4 9a01  &.!.1...B.S.....
000029f0: be01 df01 ef01 0280 f381 e02d dccf 2115  ...........-..!.
00002a00: 3105 09f1 281b 390b 2430 3105 90f4 1296  1...(.9.$01.....
00002a10: 8d91 9c91 1397 6115 7105 21f0 fb01 9383  ......a.q.!.....
00002a20: 8283 04c0 9093 8202 8093 8102 fd01 3296  ..............2.
00002a30: 44c0 fd01 e20f f31f 8193 9193 2250 3109  D..........."P1.
00002a40: 2d93 3c93 3ac0 2091 7f02 3091 8002 232b  -.<.:. ...0...#+
00002a50: 41f4 2091 0201 3091 0301 3093 8002 2093  A. ...0...0... .
00002a60: 7f02 2091 0001 3091 0101 2115 3105 41f4  .. ...0...!.1.A.
00002a70: 2db7 3eb7 4091 0401 5091 0501 241b 350b  -.>.@...P...$.5.
00002a80: e091 7f02 f091 8002 e217 f307 a0f4 2e1b  ................
00002a90: 3f0b 2817 3907 78f0 ac01 4e5f 5f4f 2417  ?.(.9.x...N__O$.
00002aa0: 3507 48f0 4e0f 5f1f 5093 8002 4093 7f02  5.H.N._.P...@...
00002ab0: 8193 9193 02c0 e0e0 f0e0 cf01 df91 cf91  ................
00002ac0: 0895 0f93 1f93 cf93 df93 0097 09f4 8cc0  ................
00002ad0: fc01 3297 1382 1282 0091 8102 1091 8202  ..2.............
00002ae0: 0115 1105 81f4 2081 3181 820f 931f 2091  ...... .1..... .
00002af0: 7f02 3091 8002 2817 3907 79f5 f093 8002  ..0...(.9.y.....
00002b00: e093 7f02 71c0 d801 40e0 50e0 ae17 bf07  ....q...@.P.....
00002b10: 50f4 1296 2d91 3c91 1397 ad01 2115 3105  P...-.<.....!.1.
00002b20: 09f1 d901 f3cf 9d01 da01 3383 2283 6081  ..........3.".`.
00002b30: 7181 860f 971f 8217 9307 69f4 ec01 2881  q.........i...(.
00002b40: 3981 260f 371f 2e5f 3f4f 3183 2083 8a81  9.&.7.._?O1. ...
00002b50: 9b81 9383 8283 452b 29f4 f093 8202 e093  ......E+).......
00002b60: 8102 42c0 1396 fc93 ee93 1297 ed01 4991  ..B...........I.
00002b70: 5991 9e01 240f 351f e217 f307 71f4 8081  Y...$.5.....q...
00002b80: 9181 840f 951f 0296 1196 9c93 8e93 8281  ................
00002b90: 9381 1396 9c93 8e93 1297 e0e0 f0e0 d801  ................
00002ba0: 1296 8d91 9c91 1397 0097 19f0 f801 8c01  ................
00002bb0: f6cf 8d91 9c91 9801 2e5f 3f4f 820f 931f  ........._?O....
00002bc0: 2091 7f02 3091 8002 2817 3907 69f4 3097   ...0...(.9.i.0.
00002bd0: 29f4 1092 8202 1092 8102 02c0 1382 1282  )...............
00002be0: 1093 8002 0093 7f02 df91 cf91 1f91 0f91  ................
00002bf0: 0895 a0e0 b0e0 efef f5e1 0c94 2a13 ec01  ............*...
00002c00: 0097 21f4 cb01 0e94 cc14 b8c0 fc01 e60f  ..!.............
00002c10: f71f 9c01 2250 3109 e217 f307 08f4 acc0  ...."P1.........
00002c20: d901 0d91 1c91 1197 0617 1707 b0f0 0530  ...............0
00002c30: 1105 08f4 9fc0 c801 0497 8617 9707 08f4  ................
00002c40: 99c0 0250 1109 061b 170b 0193 1193 6d93  ...P..........m.
00002c50: 7c93 cf01 0e94 6115 8dc0 5b01 a01a b10a  |.....a...[.....
00002c60: 4c01 800e 911e a091 8102 b091 8202 40e0  L.............@.
00002c70: 50e0 e12c f12c 1097 09f4 4ac0 a815 b905  P..,.,....J.....
00002c80: d1f5 6d90 7c90 1197 6301 82e0 c80e d11c  ..m.|...c.......
00002c90: ca14 db04 80f1 a301 4a19 5b09 6a01 82e0  ........J.[.j...
00002ca0: c80e d11c 1296 bc90 1297 1396 ac91 b5e0  ................
00002cb0: cb16 d104 40f0 b282 a383 5183 4083 d901  ....@.....Q.@...
00002cc0: 6d93 7c93 0ac0 0e5f 1f4f c301 800f 911f  m.|...._.O......
00002cd0: f901 9183 8083 eb2d fa2f e114 f104 31f0  .......-./....1.
00002ce0: d701 1396 fc93 ee93 1297 44c0 f093 8202  ..........D.....
00002cf0: e093 8102 3fc0 8d91 9c91 1197 4817 5907  ....?.......H.Y.
00002d00: 08f4 ac01 7d01 1296 0d90 bc91 a02d b3cf  ....}........-..
00002d10: 8091 7f02 9091 8002 8815 9905 e1f4 4617  ..............F.
00002d20: 5707 c8f4 8091 0001 9091 0101 0097 41f4  W.............A.
00002d30: 8db7 9eb7 4091 0401 5091 0501 841b 950b  ....@...P.......
00002d40: e817 f907 c8f4 f093 8002 e093 7f02 f901  ................
00002d50: 7183 6083 0fc0 cb01 0e94 cc14 7c01 0097  q.`.........|...
00002d60: 59f0 a801 be01 0e94 c816 ce01 0e94 6115  Y.............a.
00002d70: c701 04c0 ce01 02c0 80e0 90e0 cdb7 deb7  ................
00002d80: eee0 0c94 4613 81e0 90e0 f894 0c94 d816  ....F...........
00002d90: fb01 dc01 02c0 0190 0d92 4150 5040 d8f7  ..........APP@..
00002da0: 0895 fb01 dc01 0190 0d92 0020 e1f7 0895  ........... ....
00002db0: 10e0 cce6 d0e0 04c0 fe01 0e94 c614 2196  ..............!.
00002dc0: cd36 d107 c9f7 f894 ffcf 0000 8302 8000  .6..............
00002dd0: 0b00 0d00 0300 0c00 0f00 0e00 0000 0000  ................
00002de0: 7702 7c01 4603 a701 3803 be02 0d0a 006e  w.|.F...8......n
00002df0: 616e 0069 6e66 006f 7666 0064 6f6e 6500  an.inf.ovf.done.
00002e00: c9f7 f894 ffcf 0000 7702 8000 0000 0000  ........w.......
00002e10: 1b01 9700 e400 c200 d600 6201 0d0a 006e  ..........b....n
00002e20: 616e 0069 6e66 006f 7666 0064 6f6e 6500  an.inf.ovf.done.
00002e30: ffff ffff ffff ffff ffff ffff ffff ffff  ................
00002e40: ffff ffff ffff ffff ffff ffff ffff ffff  ................
00002e50: ffff ffff ffff ffff ffff ffff ffff ffff  ................
00002e60: ffff ffff ffff ffff ffff ffff ffff ffff  ................
00002e70: ffff ffff ffff ffff ffff ffff ffff ffff  ................
00002e80: ffff ffff ffff ffff ffff ffff ffff ffff  ................
00002e90: ffff ffff ffff ffff ffff ffff ffff ffff  ................
00002ea0: ffff ffff ffff ffff ffff ffff ffff ffff  ................
00002eb0: ffff ffff ffff ffff ffff ffff ffff ffff  ................
00002ec0: ffff ffff ffff ffff ffff ffff ffff ffff  ................
00002ed0: ffff ffff ffff ffff ffff ffff ffff ffff  ................
00002ee0: ffff ffff ffff ffff ffff ffff ffff ffff  ................
00002ef0: ffff ffff ffff ffff ffff ffff ffff ffff  ................
00002f00: ffff ffff ffff ffff ffff ffff ffff ffff  ................
00002f10: ffff ffff ffff ffff ffff ffff ffff ffff  ................
00002f20: ffff ffff ffff ffff ffff ffff ffff ffff  ................
00002f30: ffff ffff ffff ffff ffff ffff ffff ffff  ................
00002f40: ffff ffff ffff ffff ffff ffff ffff ffff  ................
00002f50: ffff ffff ffff ffff ffff ffff ffff ffff  ................
00002f60: ffff ffff ffff ffff ffff ffff ffff ffff  ................
00002f70: ffff ffff ffff ffff ffff ffff ffff ffff  ................
00002f80: ffff ffff ffff ffff ffff ffff ffff ffff  ................
00002f90: ffff ffff ffff ffff ffff ffff ffff ffff  ................
00002fa0: ffff ffff ffff ffff ffff ffff ffff ffff  ................
00002fb0: ffff ffff ffff ffff ffff ffff ffff ffff  ................
00002fc0: ffff ffff ffff ffff ffff ffff ffff ffff  ................
00002fd0: ffff ffff ffff ffff ffff ffff ffff ffff  ................
00002fe0: ffff ffff ffff ffff ffff ffff ffff ffff  ................
00002ff0: ffff ffff ffff ffff ffff ffff ffff ffff  ................
00003000: ffff ffff ffff ffff ffff ffff ffff ffff  ................
00003010: ffff ffff ffff ffff ffff ffff ffff ffff  ................
00003020: ffff ffff ffff ffff ffff ffff ffff ffff  ................
00003030: ffff ffff ffff ffff ffff ffff ffff ffff  ................
00003040: ffff ffff ffff ffff ffff ffff ffff ffff  ................
00003050: ffff ffff ffff ffff ffff ffff ffff ffff  ................
00003060: ffff ffff ffff ffff ffff ffff ffff ffff  ................
00003070: ffff ffff ffff ffff ffff ffff ffff ffff  ................
00003080: ffff ffff ffff ffff ffff ffff ffff ffff  ................
00003090: ffff ffff ffff ffff ffff ffff ffff ffff  ................
000030a0: ffff ffff ffff ffff ffff ffff ffff ffff  ................
000030b0: ffff ffff ffff ffff ffff ffff ffff ffff  ................
000030c0: ffff ffff ffff ffff ffff ffff ffff ffff  ................
000030d0: ffff ffff ffff ffff ffff ffff ffff ffff  ................
000030e0: ffff ffff ffff ffff ffff ffff ffff ffff  ................
000030f0: ffff ffff ffff ffff ffff ffff ffff ffff  ................
00003100: ffff ffff ffff ffff ffff ffff ffff ffff  ................
00003110: ffff ffff ffff ffff ffff ffff ffff ffff  ................
00003120: ffff ffff ffff ffff ffff ffff ffff ffff  ................
00003130: ffff ffff ffff ffff ffff ffff ffff ffff  ................
00003140: ffff ffff ffff ffff ffff ffff ffff ffff  ................
00003150: ffff ffff ffff ffff ffff ffff ffff ffff  ................
00003160: ffff ffff ffff ffff ffff ffff ffff ffff  ................
00003170: ffff ffff ffff ffff ffff ffff ffff ffff  ................
00003180: ffff ffff ffff ffff ffff ffff ffff ffff  ................
00003190: ffff ffff ffff ffff ffff ffff ffff ffff  ................
000031a0: ffff ffff ffff ffff ffff ffff ffff ffff  ................
000031b0: ffff ffff ffff ffff ffff ffff ffff ffff  ................
000031c0: ffff ffff ffff ffff ffff ffff ffff ffff  ................
000031d0: ffff ffff ffff ffff ffff ffff ffff ffff  ................
000031e0: ffff ffff ffff ffff ffff ffff ffff ffff  ................
000031f0: ffff ffff ffff ffff ffff ffff ffff ffff  ................
00003200: ffff ffff ffff ffff ffff ffff ffff ffff  ................
00003210: ffff ffff ffff ffff ffff ffff ffff ffff  ................
00003220: ffff ffff ffff ffff ffff ffff ffff ffff  ................
00003230: ffff ffff ffff ffff ffff ffff ffff ffff  ................
00003240: ffff ffff ffff ffff ffff ffff ffff ffff  ................
00003250: ffff ffff ffff ffff ffff ffff ffff ffff  ................
00003260: ffff ffff ffff ffff ffff ffff ffff ffff  ................
00003270: ffff ffff ffff ffff ffff ffff ffff ffff  ................
00003280: ffff ffff ffff ffff ffff ffff ffff ffff  ................
00003290: ffff ffff ffff ffff ffff ffff ffff ffff  ................
000032a0: ffff ffff ffff ffff ffff ffff ffff ffff  ................
000032b0: ffff ffff ffff ffff ffff ffff ffff ffff  ................
000032c0: ffff ffff ffff ffff ffff ffff ffff ffff  ................
000032d0: ffff ffff ffff ffff ffff ffff ffff ffff  ................
000032e0: ffff ffff ffff ffff ffff ffff ffff ffff  ................
000032f0: ffff ffff ffff ffff ffff ffff ffff ffff  ................
00003300: ffff ffff ffff ffff ffff ffff ffff ffff  ................
00003310: ffff ffff ffff ffff ffff ffff ffff ffff  ................
00003320: ffff ffff ffff ffff ffff ffff ffff ffff  ................
00003330: ffff ffff ffff ffff ffff ffff ffff ffff  ................
00003340: ffff ffff ffff ffff ffff ffff ffff ffff  ................
00003350: ffff ffff ffff ffff ffff ffff ffff ffff  ................
00003360: ffff ffff ffff ffff ffff ffff ffff ffff  ................
00003370: ffff ffff ffff ffff ffff ffff ffff ffff  ................
00003380: ffff ffff ffff ffff ffff ffff ffff ffff  ................
00003390: ffff ffff ffff ffff ffff ffff ffff ffff  ................
000033a0: ffff ffff ffff ffff ffff ffff ffff ffff  ................
000033b0: ffff ffff ffff ffff ffff ffff ffff ffff  ................
000033c0: ffff ffff ffff ffff ffff ffff ffff ffff  ................
000033d0: ffff ffff ffff ffff ffff ffff ffff ffff  ................
000033e0: ffff ffff ffff ffff ffff ffff ffff ffff  ................
000033f0: ffff ffff ffff ffff ffff ffff ffff ffff  ................
00003400: ffff ffff ffff ffff ffff ffff ffff ffff  ................
00003410: ffff ffff ffff ffff ffff ffff ffff ffff  ................
00003420: ffff ffff ffff ffff ffff ffff ffff ffff  ................
00003430: ffff ffff ffff ffff ffff ffff ffff ffff  ................
00003440: ffff ffff ffff ffff ffff ffff ffff ffff  ................
00003450: ffff ffff ffff ffff ffff ffff ffff ffff  ................
00003460: ffff ffff ffff ffff ffff ffff ffff ffff  ................
00003470: ffff ffff ffff ffff ffff ffff ffff ffff  ................
00003480: ffff ffff ffff ffff ffff ffff ffff ffff  ................
00003490: ffff ffff ffff ffff ffff ffff ffff ffff  ................
000034a0: ffff ffff ffff ffff ffff ffff ffff ffff  ................
000034b0: ffff ffff ffff ffff ffff ffff ffff ffff  ................
000034c0: ffff ffff ffff ffff ffff ffff ffff ffff  ................
000034d0: ffff ffff ffff ffff ffff ffff ffff ffff  ................
000034e0: ffff ffff ffff ffff ffff ffff ffff ffff  ................
000034f0: ffff ffff ffff ffff ffff ffff ffff ffff  ................
00003500: ffff ffff ffff ffff ffff ffff ffff ffff  ................
00003510: ffff ffff ffff ffff ffff ffff ffff ffff  ................
00003520: ffff ffff ffff ffff ffff ffff ffff ffff  ................
00003530: ffff ffff ffff ffff ffff ffff ffff ffff  ................
00003540: ffff ffff ffff ffff ffff ffff ffff ffff  ................
00003550: ffff ffff ffff ffff ffff ffff ffff ffff  ................
00003560: ffff ffff ffff ffff ffff ffff ffff ffff  ................
00003570: ffff ffff ffff ffff ffff ffff ffff ffff  ................
00003580: ffff ffff ffff ffff ffff ffff ffff ffff  ................
00003590: ffff ffff ffff ffff ffff ffff ffff ffff  ................
000035a0: ffff ffff ffff ffff ffff ffff ffff ffff  ................
000035b0: ffff ffff ffff ffff ffff ffff ffff ffff  ................
000035c0: ffff ffff ffff ffff ffff ffff ffff ffff  ................
000035d0: ffff ffff ffff ffff ffff ffff ffff ffff  ................
000035e0: ffff ffff ffff ffff ffff ffff ffff ffff  ................
000035f0: ffff ffff ffff ffff ffff ffff ffff ffff  ................
00003600: ffff ffff ffff ffff ffff ffff ffff ffff  ................
00003610: ffff ffff ffff ffff ffff ffff ffff ffff  ................
00003620: ffff ffff ffff ffff ffff ffff ffff ffff  ................
00003630: ffff ffff ffff ffff ffff ffff ffff ffff  ................
00003640: ffff ffff ffff ffff ffff ffff ffff ffff  ................
00003650: ffff ffff ffff ffff ffff ffff ffff ffff  ................
00003660: ffff ffff ffff ffff ffff ffff ffff ffff  ................
00003670: ffff ffff ffff ffff ffff ffff ffff ffff  ................
00003680: ffff ffff ffff ffff ffff ffff ffff ffff  ................
00003690: ffff ffff ffff ffff ffff ffff ffff ffff  ................
000036a0: ffff ffff ffff ffff ffff ffff ffff ffff  ................
000036b0: ffff ffff ffff ffff ffff ffff ffff ffff  ................
000036c0: ffff ffff ffff ffff ffff ffff ffff ffff  ................
000036d0: ffff ffff ffff ffff ffff ffff ffff ffff  ................
000036e0: ffff ffff ffff ffff ffff ffff ffff ffff  ................
000036f0: ffff ffff ffff ffff ffff ffff ffff ffff  ................
00003700: ffff ffff ffff ffff ffff ffff ffff ffff  ................
00003710: ffff ffff ffff ffff ffff ffff ffff ffff  ................
00003720: ffff ffff ffff ffff ffff ffff ffff ffff  ................
00003730: ffff ffff ffff ffff ffff ffff ffff ffff  ................
00003740: ffff ffff ffff ffff ffff ffff ffff ffff  ................
00003750: ffff ffff ffff ffff ffff ffff ffff ffff  ................
00003760: ffff ffff ffff ffff ffff ffff ffff ffff  ................
00003770: ffff ffff ffff ffff ffff ffff ffff ffff  ................
00003780: ffff ffff ffff ffff ffff ffff ffff ffff  ................
00003790: ffff ffff ffff ffff ffff ffff ffff ffff  ................
000037a0: ffff ffff ffff ffff ffff ffff ffff ffff  ................
000037b0: ffff ffff ffff ffff ffff ffff ffff ffff  ................
000037c0: ffff ffff ffff ffff ffff ffff ffff ffff  ................
000037d0: ffff ffff ffff ffff ffff ffff ffff ffff  ................
000037e0: ffff ffff ffff ffff ffff ffff ffff ffff  ................
000037f0: ffff ffff ffff ffff ffff ffff ffff ffff  ................
00003800: ffff ffff ffff ffff ffff ffff ffff ffff  ................
00003810: ffff ffff ffff ffff ffff ffff ffff ffff  ................
00003820: ffff ffff ffff ffff ffff ffff ffff ffff  ................
00003830: ffff ffff ffff ffff ffff ffff ffff ffff  ................
00003840: ffff ffff ffff ffff ffff ffff ffff ffff  ................
00003850: ffff ffff ffff ffff ffff ffff ffff ffff  ................
00003860: ffff ffff ffff ffff ffff ffff ffff ffff  ................
00003870: ffff ffff ffff ffff ffff ffff ffff ffff  ................
00003880: ffff ffff ffff ffff ffff ffff ffff ffff  ................
00003890: ffff ffff ffff ffff ffff ffff ffff ffff  ................
000038a0: ffff ffff ffff ffff ffff ffff ffff ffff  ................
000038b0: ffff ffff ffff ffff ffff ffff ffff ffff  ................
000038c0: ffff ffff ffff ffff ffff ffff ffff ffff  ................
000038d0: ffff ffff ffff ffff ffff ffff ffff ffff  ................
000038e0: ffff ffff ffff ffff ffff ffff ffff ffff  ................
000038f0: ffff ffff ffff ffff ffff ffff ffff ffff  ................
00003900: ffff ffff ffff ffff ffff ffff ffff ffff  ................
00003910: ffff ffff ffff ffff ffff ffff ffff ffff  ................
00003920: ffff ffff ffff ffff ffff ffff ffff ffff  ................
00003930: ffff ffff ffff ffff ffff ffff ffff ffff  ................
00003940: ffff ffff ffff ffff ffff ffff ffff ffff  ................
00003950: ffff ffff ffff ffff ffff ffff ffff ffff  ................
00003960: ffff ffff ffff ffff ffff ffff ffff ffff  ................
00003970: ffff ffff ffff ffff ffff ffff ffff ffff  ................
00003980: ffff ffff ffff ffff ffff ffff ffff ffff  ................
00003990: ffff ffff ffff ffff ffff ffff ffff ffff  ................
000039a0: ffff ffff ffff ffff ffff ffff ffff ffff  ................
000039b0: ffff ffff ffff ffff ffff ffff ffff ffff  ................
000039c0: ffff ffff ffff ffff ffff ffff ffff ffff  ................
000039d0: ffff ffff ffff ffff ffff ffff ffff ffff  ................
000039e0: ffff ffff ffff ffff ffff ffff ffff ffff  ................
000039f0: ffff ffff ffff ffff ffff ffff ffff ffff  ................
00003a00: ffff ffff ffff ffff ffff ffff ffff ffff  ................
00003a10: ffff ffff ffff ffff ffff ffff ffff ffff  ................
00003a20: ffff ffff ffff ffff ffff ffff ffff ffff  ................
00003a30: ffff ffff ffff ffff ffff ffff ffff ffff  ................
00003a40: ffff ffff ffff ffff ffff ffff ffff ffff  ................
00003a50: ffff ffff ffff ffff ffff ffff ffff ffff  ................
00003a60: ffff ffff ffff ffff ffff ffff ffff ffff  ................
00003a70: ffff ffff ffff ffff ffff ffff ffff ffff  ................
00003a80: ffff ffff ffff ffff ffff ffff ffff ffff  ................
00003a90: ffff ffff ffff ffff ffff ffff ffff ffff  ................
00003aa0: ffff ffff ffff ffff ffff ffff ffff ffff  ................
00003ab0: ffff ffff ffff ffff ffff ffff ffff ffff  ................
00003ac0: ffff ffff ffff ffff ffff ffff ffff ffff  ................
00003ad0: ffff ffff ffff ffff ffff ffff ffff ffff  ................
00003ae0: ffff ffff ffff ffff ffff ffff ffff ffff  ................
00003af0: ffff ffff ffff ffff ffff ffff ffff ffff  ................
00003b00: ffff ffff ffff ffff ffff ffff ffff ffff  ................
00003b10: ffff ffff ffff ffff ffff ffff ffff ffff  ................
00003b20: ffff ffff ffff ffff ffff ffff ffff ffff  ................
00003b30: ffff ffff ffff ffff ffff ffff ffff ffff  ................
00003b40: ffff ffff ffff ffff ffff ffff ffff ffff  ................
00003b50: ffff ffff ffff ffff ffff ffff ffff ffff  ................
00003b60: ffff ffff ffff ffff ffff ffff ffff ffff  ................
00003b70: ffff ffff ffff ffff ffff ffff ffff ffff  ................
00003b80: ffff ffff ffff ffff ffff ffff ffff ffff  ................
00003b90: ffff ffff ffff ffff ffff ffff ffff ffff  ................
00003ba0: ffff ffff ffff ffff ffff ffff ffff ffff  ................
00003bb0: ffff ffff ffff ffff ffff ffff ffff ffff  ................
00003bc0: ffff ffff ffff ffff ffff ffff ffff ffff  ................
00003bd0: ffff ffff ffff ffff ffff ffff ffff ffff  ................
00003be0: ffff ffff ffff ffff ffff ffff ffff ffff  ................
00003bf0: ffff ffff ffff ffff ffff ffff ffff ffff  ................
00003c00: ffff ffff ffff ffff ffff ffff ffff ffff  ................
00003c10: ffff ffff ffff ffff ffff ffff ffff ffff  ................
00003c20: ffff ffff ffff ffff ffff ffff ffff ffff  ................
00003c30: ffff ffff ffff ffff ffff ffff ffff ffff  ................
00003c40: ffff ffff ffff ffff ffff ffff ffff ffff  ................
00003c50: ffff ffff ffff ffff ffff ffff ffff ffff  ................
00003c60: ffff ffff ffff ffff ffff ffff ffff ffff  ................
00003c70: ffff ffff ffff ffff ffff ffff ffff ffff  ................
00003c80: ffff ffff ffff ffff ffff ffff ffff ffff  ................
00003c90: ffff ffff ffff ffff ffff ffff ffff ffff  ................
00003ca0: ffff ffff ffff ffff ffff ffff ffff ffff  ................
00003cb0: ffff ffff ffff ffff ffff ffff ffff ffff  ................
00003cc0: ffff ffff ffff ffff ffff ffff ffff ffff  ................
00003cd0: ffff ffff ffff ffff ffff ffff ffff ffff  ................
00003ce0: ffff ffff ffff ffff ffff ffff ffff ffff  ................
00003cf0: ffff ffff ffff ffff ffff ffff ffff ffff  ................
00003d00: ffff ffff ffff ffff ffff ffff ffff ffff  ................
00003d10: ffff ffff ffff ffff ffff ffff ffff ffff  ................
00003d20: ffff ffff ffff ffff ffff ffff ffff ffff  ................
00003d30: ffff ffff ffff ffff ffff ffff ffff ffff  ................
00003d40: ffff ffff ffff ffff ffff ffff ffff ffff  ................
00003d50: ffff ffff ffff ffff ffff ffff ffff ffff  ................
00003d60: ffff ffff ffff ffff ffff ffff ffff ffff  ................
00003d70: ffff ffff ffff ffff ffff ffff ffff ffff  ................
00003d80: ffff ffff ffff ffff ffff ffff ffff ffff  ................
00003d90: ffff ffff ffff ffff ffff ffff ffff ffff  ................
00003da0: ffff ffff ffff ffff ffff ffff ffff ffff  ................
00003db0: ffff ffff ffff ffff ffff ffff ffff ffff  ................
00003dc0: ffff ffff ffff ffff ffff ffff ffff ffff  ................
00003dd0: ffff ffff ffff ffff ffff ffff ffff ffff  ................
00003de0: ffff ffff ffff ffff ffff ffff ffff ffff  ................
00003df0: ffff ffff ffff ffff ffff ffff ffff ffff  ................
00003e00: ffff ffff ffff ffff ffff ffff ffff ffff  ................
00003e10: ffff ffff ffff ffff ffff ffff ffff ffff  ................
00003e20: ffff ffff ffff ffff ffff ffff ffff ffff  ................
00003e30: ffff ffff ffff ffff ffff ffff ffff ffff  ................
00003e40: ffff ffff ffff ffff ffff ffff ffff ffff  ................
00003e50: ffff ffff ffff ffff ffff ffff ffff ffff  ................
00003e60: ffff ffff ffff ffff ffff ffff ffff ffff  ................
00003e70: ffff ffff ffff ffff ffff ffff ffff ffff  ................
00003e80: ffff ffff ffff ffff ffff ffff ffff ffff  ................
00003e90: ffff ffff ffff ffff ffff ffff ffff ffff  ................
00003ea0: ffff ffff ffff ffff ffff ffff ffff ffff  ................
00003eb0: ffff ffff ffff ffff ffff ffff ffff ffff  ................
00003ec0: ffff ffff ffff ffff ffff ffff ffff ffff  ................
00003ed0: ffff ffff ffff ffff ffff ffff ffff ffff  ................
00003ee0: ffff ffff ffff ffff ffff ffff ffff ffff  ................
00003ef0: ffff ffff ffff ffff ffff ffff ffff ffff  ................
00003f00: ffff ffff ffff ffff ffff ffff ffff ffff  ................
00003f10: ffff ffff ffff ffff ffff ffff ffff ffff  ................
00003f20: ffff ffff ffff ffff ffff ffff ffff ffff  ................
00003f30: ffff ffff ffff ffff ffff ffff ffff ffff  ................
00003f40: ffff ffff ffff ffff ffff ffff ffff ffff  ................
00003f50: ffff ffff ffff ffff ffff ffff ffff ffff  ................
00003f60: ffff ffff ffff ffff ffff ffff ffff ffff  ................
00003f70: ffff ffff ffff ffff ffff ffff ffff ffff  ................
00003f80: ffff ffff ffff ffff ffff ffff ffff ffff  ................
00003f90: ffff ffff ffff ffff ffff ffff ffff ffff  ................
00003fa0: ffff ffff ffff ffff ffff ffff ffff ffff  ................
00003fb0: ffff ffff ffff ffff ffff ffff ffff ffff  ................
00003fc0: ffff ffff ffff ffff ffff ffff ffff ffff  ................
00003fd0: ffff ffff ffff ffff ffff ffff ffff ffff  ................
00003fe0: ffff ffff ffff ffff ffff ffff ffff ffff  ................
00003ff0: ffff ffff ffff ffff ffff ffff ffff ffff  ................
00004000: ffff ffff ffff ffff ffff ffff ffff ffff  ................
00004010: ffff ffff ffff ffff ffff ffff ffff ffff  ................
00004020: ffff ffff ffff ffff ffff ffff ffff ffff  ................
00004030: ffff ffff ffff ffff ffff ffff ffff ffff  ................
00004040: ffff ffff ffff ffff ffff ffff ffff ffff  ................
00004050: ffff ffff ffff ffff ffff ffff ffff ffff  ................
00004060: ffff ffff ffff ffff ffff ffff ffff ffff  ................
00004070: ffff ffff ffff ffff ffff ffff ffff ffff  ................
00004080: ffff ffff ffff ffff ffff ffff ffff ffff  ................
00004090: ffff ffff ffff ffff ffff ffff ffff ffff  ................
000040a0: ffff ffff ffff ffff ffff ffff ffff ffff  ................
000040b0: ffff ffff ffff ffff ffff ffff ffff ffff  ................
000040c0: ffff ffff ffff ffff ffff ffff ffff ffff  ................
000040d0: ffff ffff ffff ffff ffff ffff ffff ffff  ................
000040e0: ffff ffff ffff ffff ffff ffff ffff ffff  ................
000040f0: ffff ffff ffff ffff ffff ffff ffff ffff  ................
00004100: ffff ffff ffff ffff ffff ffff ffff ffff  ................
00004110: ffff ffff ffff ffff ffff ffff ffff ffff  ................
00004120: ffff ffff ffff ffff ffff ffff ffff ffff  ................
00004130: ffff ffff ffff ffff ffff ffff ffff ffff  ................
00004140: ffff ffff ffff ffff ffff ffff ffff ffff  ................
00004150: ffff ffff ffff ffff ffff ffff ffff ffff  ................
00004160: ffff ffff ffff ffff ffff ffff ffff ffff  ................
00004170: ffff ffff ffff ffff ffff ffff ffff ffff  ................
00004180: ffff ffff ffff ffff ffff ffff ffff ffff  ................
00004190: ffff ffff ffff ffff ffff ffff ffff ffff  ................
000041a0: ffff ffff ffff ffff ffff ffff ffff ffff  ................
000041b0: ffff ffff ffff ffff ffff ffff ffff ffff  ................
000041c0: ffff ffff ffff ffff ffff ffff ffff ffff  ................
000041d0: ffff ffff ffff ffff ffff ffff ffff ffff  ................
000041e0: ffff ffff ffff ffff ffff ffff ffff ffff  ................
000041f0: ffff ffff ffff ffff ffff ffff ffff ffff  ................
00004200: ffff ffff ffff ffff ffff ffff ffff ffff  ................
00004210: ffff ffff ffff ffff ffff ffff ffff ffff  ................
00004220: ffff ffff ffff ffff ffff ffff ffff ffff  ................
00004230: ffff ffff ffff ffff ffff ffff ffff ffff  ................
00004240: ffff ffff ffff ffff ffff ffff ffff ffff  ................
00004250: ffff ffff ffff ffff ffff ffff ffff ffff  ................
00004260: ffff ffff ffff ffff ffff ffff ffff ffff  ................
00004270: ffff ffff ffff ffff ffff ffff ffff ffff  ................
00004280: ffff ffff ffff ffff ffff ffff ffff ffff  ................
00004290: ffff ffff ffff ffff ffff ffff ffff ffff  ................
000042a0: ffff ffff ffff ffff ffff ffff ffff ffff  ................
000042b0: ffff ffff ffff ffff ffff ffff ffff ffff  ................
000042c0: ffff ffff ffff ffff ffff ffff ffff ffff  ................
000042d0: ffff ffff ffff ffff ffff ffff ffff ffff  ................
000042e0: ffff ffff ffff ffff ffff ffff ffff ffff  ................
000042f0: ffff ffff ffff ffff ffff ffff ffff ffff  ................
00004300: ffff ffff ffff ffff ffff ffff ffff ffff  ................
00004310: ffff ffff ffff ffff ffff ffff ffff ffff  ................
00004320: ffff ffff ffff ffff ffff ffff ffff ffff  ................
00004330: ffff ffff ffff ffff ffff ffff ffff ffff  ................
00004340: ffff ffff ffff ffff ffff ffff ffff ffff  ................
00004350: ffff ffff ffff ffff ffff ffff ffff ffff  ................
00004360: ffff ffff ffff ffff ffff ffff ffff ffff  ................
00004370: ffff ffff ffff ffff ffff ffff ffff ffff  ................
00004380: ffff ffff ffff ffff ffff ffff ffff ffff  ................
00004390: ffff ffff ffff ffff ffff ffff ffff ffff  ................
000043a0: ffff ffff ffff ffff ffff ffff ffff ffff  ................
000043b0: ffff ffff ffff ffff ffff ffff ffff ffff  ................
000043c0: ffff ffff ffff ffff ffff ffff ffff ffff  ................
000043d0: ffff ffff ffff ffff ffff ffff ffff ffff  ................
000043e0: ffff ffff ffff ffff ffff ffff ffff ffff  ................
000043f0: ffff ffff ffff ffff ffff ffff ffff ffff  ................
00004400: ffff ffff ffff ffff ffff ffff ffff ffff  ................
00004410: ffff ffff ffff ffff ffff ffff ffff ffff  ................
00004420: ffff ffff ffff ffff ffff ffff ffff ffff  ................
00004430: ffff ffff ffff ffff ffff ffff ffff ffff  ................
00004440: ffff ffff ffff ffff ffff ffff ffff ffff  ................
00004450: ffff ffff ffff ffff ffff ffff ffff ffff  ................
00004460: ffff ffff ffff ffff ffff ffff ffff ffff  ................
00004470: ffff ffff ffff ffff ffff ffff ffff ffff  ................
00004480: ffff ffff ffff ffff ffff ffff ffff ffff  ................
00004490: ffff ffff ffff ffff ffff ffff ffff ffff  ................
000044a0: ffff ffff ffff ffff ffff ffff ffff ffff  ................
000044b0: ffff ffff ffff ffff ffff ffff ffff ffff  ................
000044c0: ffff ffff ffff ffff ffff ffff ffff ffff  ................
000044d0: ffff ffff ffff ffff ffff ffff ffff ffff  ................
000044e0: ffff ffff ffff ffff ffff ffff ffff ffff  ................
000044f0: ffff ffff ffff ffff ffff ffff ffff ffff  ................
00004500: ffff ffff ffff ffff ffff ffff ffff ffff  ................
00004510: ffff ffff ffff ffff ffff ffff ffff ffff  ................
00004520: ffff ffff ffff ffff ffff ffff ffff ffff  ................
00004530: ffff ffff ffff ffff ffff ffff ffff ffff  ................
00004540: ffff ffff ffff ffff ffff ffff ffff ffff  ................
00004550: ffff ffff ffff ffff ffff ffff ffff ffff  ................
00004560: ffff ffff ffff ffff ffff ffff ffff ffff  ................
00004570: ffff ffff ffff ffff ffff ffff ffff ffff  ................
00004580: ffff ffff ffff ffff ffff ffff ffff ffff  ................
00004590: ffff ffff ffff ffff ffff ffff ffff ffff  ................
000045a0: ffff ffff ffff ffff ffff ffff ffff ffff  ................
000045b0: ffff ffff ffff ffff ffff ffff ffff ffff  ................
000045c0: ffff ffff ffff ffff ffff ffff ffff ffff  ................
000045d0: ffff ffff ffff ffff ffff ffff ffff ffff  ................
000045e0: ffff ffff ffff ffff ffff ffff ffff ffff  ................
000045f0: ffff ffff ffff ffff ffff ffff ffff ffff  ................
00004600: ffff ffff ffff ffff ffff ffff ffff ffff  ................
00004610: ffff ffff ffff ffff ffff ffff ffff ffff  ................
00004620: ffff ffff ffff ffff ffff ffff ffff ffff  ................
00004630: ffff ffff ffff ffff ffff ffff ffff ffff  ................
00004640: ffff ffff ffff ffff ffff ffff ffff ffff  ................
00004650: ffff ffff ffff ffff ffff ffff ffff ffff  ................
00004660: ffff ffff ffff ffff ffff ffff ffff ffff  ................
00004670: ffff ffff ffff ffff ffff ffff ffff ffff  ................
00004680: ffff ffff ffff ffff ffff ffff ffff ffff  ................
00004690: ffff ffff ffff ffff ffff ffff ffff ffff  ................
000046a0: ffff ffff ffff ffff ffff ffff ffff ffff  ................
000046b0: ffff ffff ffff ffff ffff ffff ffff ffff  ................
000046c0: ffff ffff ffff ffff ffff ffff ffff ffff  ................
000046d0: ffff ffff ffff ffff ffff ffff ffff ffff  ................
000046e0: ffff ffff ffff ffff ffff ffff ffff ffff  ................
000046f0: ffff ffff ffff ffff ffff ffff ffff ffff  ................
00004700: ffff ffff ffff ffff ffff ffff ffff ffff  ................
00004710: ffff ffff ffff ffff ffff ffff ffff ffff  ................
00004720: ffff ffff ffff ffff ffff ffff ffff ffff  ................
00004730: ffff ffff ffff ffff ffff ffff ffff ffff  ................
00004740: ffff ffff ffff ffff ffff ffff ffff ffff  ................
00004750: ffff ffff ffff ffff ffff ffff ffff ffff  ................
00004760: ffff ffff ffff ffff ffff ffff ffff ffff  ................
00004770: ffff ffff ffff ffff ffff ffff ffff ffff  ................
00004780: ffff ffff ffff ffff ffff ffff ffff ffff  ................
00004790: ffff ffff ffff ffff ffff ffff ffff ffff  ................
000047a0: ffff ffff ffff ffff ffff ffff ffff ffff  ................
000047b0: ffff ffff ffff ffff ffff ffff ffff ffff  ................
000047c0: ffff ffff ffff ffff ffff ffff ffff ffff  ................
000047d0: ffff ffff ffff ffff ffff ffff ffff ffff  ................
000047e0: ffff ffff ffff ffff ffff ffff ffff ffff  ................
000047f0: ffff ffff ffff ffff ffff ffff ffff ffff  ................
00004800: ffff ffff ffff ffff ffff ffff ffff ffff  ................
00004810: ffff ffff ffff ffff ffff ffff ffff ffff  ................
00004820: ffff ffff ffff ffff ffff ffff ffff ffff  ................
00004830: ffff ffff ffff ffff ffff ffff ffff ffff  ................
00004840: ffff ffff ffff ffff ffff ffff ffff ffff  ................
00004850: ffff ffff ffff ffff ffff ffff ffff ffff  ................
00004860: ffff ffff ffff ffff ffff ffff ffff ffff  ................
00004870: ffff ffff ffff ffff ffff ffff ffff ffff  ................
00004880: ffff ffff ffff ffff ffff ffff ffff ffff  ................
00004890: ffff ffff ffff ffff ffff ffff ffff ffff  ................
000048a0: ffff ffff ffff ffff ffff ffff ffff ffff  ................
000048b0: ffff ffff ffff ffff ffff ffff ffff ffff  ................
000048c0: ffff ffff ffff ffff ffff ffff ffff ffff  ................
000048d0: ffff ffff ffff ffff ffff ffff ffff ffff  ................
000048e0: ffff ffff ffff ffff ffff ffff ffff ffff  ................
000048f0: ffff ffff ffff ffff ffff ffff ffff ffff  ................
00004900: ffff ffff ffff ffff ffff ffff ffff ffff  ................
00004910: ffff ffff ffff ffff ffff ffff ffff ffff  ................
00004920: ffff ffff ffff ffff ffff ffff ffff ffff  ................
00004930: ffff ffff ffff ffff ffff ffff ffff ffff  ................
00004940: ffff ffff ffff ffff ffff ffff ffff ffff  ................
00004950: ffff ffff ffff ffff ffff ffff ffff ffff  ................
00004960: ffff ffff ffff ffff ffff ffff ffff ffff  ................
00004970: ffff ffff ffff ffff ffff ffff ffff ffff  ................
00004980: ffff ffff ffff ffff ffff ffff ffff ffff  ................
00004990: ffff ffff ffff ffff ffff ffff ffff ffff  ................
000049a0: ffff ffff ffff ffff ffff ffff ffff ffff  ................
000049b0: ffff ffff ffff ffff ffff ffff ffff ffff  ................
000049c0: ffff ffff ffff ffff ffff ffff ffff ffff  ................
000049d0: ffff ffff ffff ffff ffff ffff ffff ffff  ................
000049e0: ffff ffff ffff ffff ffff ffff ffff ffff  ................
000049f0: ffff ffff ffff ffff ffff ffff ffff ffff  ................
00004a00: ffff ffff ffff ffff ffff ffff ffff ffff  ................
00004a10: ffff ffff ffff ffff ffff ffff ffff ffff  ................
00004a20: ffff ffff ffff ffff ffff ffff ffff ffff  ................
00004a30: ffff ffff ffff ffff ffff ffff ffff ffff  ................
00004a40: ffff ffff ffff ffff ffff ffff ffff ffff  ................
00004a50: ffff ffff ffff ffff ffff ffff ffff ffff  ................
00004a60: ffff ffff ffff ffff ffff ffff ffff ffff  ................
00004a70: ffff ffff ffff ffff ffff ffff ffff ffff  ................
00004a80: ffff ffff ffff ffff ffff ffff ffff ffff  ................
00004a90: ffff ffff ffff ffff ffff ffff ffff ffff  ................
00004aa0: ffff ffff ffff ffff ffff ffff ffff ffff  ................
00004ab0: ffff ffff ffff ffff ffff ffff ffff ffff  ................
00004ac0: ffff ffff ffff ffff ffff ffff ffff ffff  ................
00004ad0: ffff ffff ffff ffff ffff ffff ffff ffff  ................
00004ae0: ffff ffff ffff ffff ffff ffff ffff ffff  ................
00004af0: ffff ffff ffff ffff ffff ffff ffff ffff  ................
00004b00: ffff ffff ffff ffff ffff ffff ffff ffff  ................
00004b10: ffff ffff ffff ffff ffff ffff ffff ffff  ................
00004b20: ffff ffff ffff ffff ffff ffff ffff ffff  ................
00004b30: ffff ffff ffff ffff ffff ffff ffff ffff  ................
00004b40: ffff ffff ffff ffff ffff ffff ffff ffff  ................
00004b50: ffff ffff ffff ffff ffff ffff ffff ffff  ................
00004b60: ffff ffff ffff ffff ffff ffff ffff ffff  ................
00004b70: ffff ffff ffff ffff ffff ffff ffff ffff  ................
00004b80: ffff ffff ffff ffff ffff ffff ffff ffff  ................
00004b90: ffff ffff ffff ffff ffff ffff ffff ffff  ................
00004ba0: ffff ffff ffff ffff ffff ffff ffff ffff  ................
00004bb0: ffff ffff ffff ffff ffff ffff ffff ffff  ................
00004bc0: ffff ffff ffff ffff ffff ffff ffff ffff  ................
00004bd0: ffff ffff ffff ffff ffff ffff ffff ffff  ................
00004be0: ffff ffff ffff ffff ffff ffff ffff ffff  ................
00004bf0: ffff ffff ffff ffff ffff ffff ffff ffff  ................
00004c00: ffff ffff ffff ffff ffff ffff ffff ffff  ................
00004c10: ffff ffff ffff ffff ffff ffff ffff ffff  ................
00004c20: ffff ffff ffff ffff ffff ffff ffff ffff  ................
00004c30: ffff ffff ffff ffff ffff ffff ffff ffff  ................
00004c40: ffff ffff ffff ffff ffff ffff ffff ffff  ................
00004c50: ffff ffff ffff ffff ffff ffff ffff ffff  ................
00004c60: ffff ffff ffff ffff ffff ffff ffff ffff  ................
00004c70: ffff ffff ffff ffff ffff ffff ffff ffff  ................
00004c80: ffff ffff ffff ffff ffff ffff ffff ffff  ................
00004c90: ffff ffff ffff ffff ffff ffff ffff ffff  ................
00004ca0: ffff ffff ffff ffff ffff ffff ffff ffff  ................
00004cb0: ffff ffff ffff ffff ffff ffff ffff ffff  ................
00004cc0: ffff ffff ffff ffff ffff ffff ffff ffff  ................
00004cd0: ffff ffff ffff ffff ffff ffff ffff ffff  ................
00004ce0: ffff ffff ffff ffff ffff ffff ffff ffff  ................
00004cf0: ffff ffff ffff ffff ffff ffff ffff ffff  ................
00004d00: ffff ffff ffff ffff ffff ffff ffff ffff  ................
00004d10: ffff ffff ffff ffff ffff ffff ffff ffff  ................
00004d20: ffff ffff ffff ffff ffff ffff ffff ffff  ................
00004d30: ffff ffff ffff ffff ffff ffff ffff ffff  ................
00004d40: ffff ffff ffff ffff ffff ffff ffff ffff  ................
00004d50: ffff ffff ffff ffff ffff ffff ffff ffff  ................
00004d60: ffff ffff ffff ffff ffff ffff ffff ffff  ................
00004d70: ffff ffff ffff ffff ffff ffff ffff ffff  ................
00004d80: ffff ffff ffff ffff ffff ffff ffff ffff  ................
00004d90: ffff ffff ffff ffff ffff ffff ffff ffff  ................
00004da0: ffff ffff ffff ffff ffff ffff ffff ffff  ................
00004db0: ffff ffff ffff ffff ffff ffff ffff ffff  ................
00004dc0: ffff ffff ffff ffff ffff ffff ffff ffff  ................
00004dd0: ffff ffff ffff ffff ffff ffff ffff ffff  ................
00004de0: ffff ffff ffff ffff ffff ffff ffff ffff  ................
00004df0: ffff ffff ffff ffff ffff ffff ffff ffff  ................
00004e00: ffff ffff ffff ffff ffff ffff ffff ffff  ................
00004e10: ffff ffff ffff ffff ffff ffff ffff ffff  ................
00004e20: ffff ffff ffff ffff ffff ffff ffff ffff  ................
00004e30: ffff ffff ffff ffff ffff ffff ffff ffff  ................
00004e40: ffff ffff ffff ffff ffff ffff ffff ffff  ................
00004e50: ffff ffff ffff ffff ffff ffff ffff ffff  ................
00004e60: ffff ffff ffff ffff ffff ffff ffff ffff  ................
00004e70: ffff ffff ffff ffff ffff ffff ffff ffff  ................
00004e80: ffff ffff ffff ffff ffff ffff ffff ffff  ................
00004e90: ffff ffff ffff ffff ffff ffff ffff ffff  ................
00004ea0: ffff ffff ffff ffff ffff ffff ffff ffff  ................
00004eb0: ffff ffff ffff ffff ffff ffff ffff ffff  ................
00004ec0: ffff ffff ffff ffff ffff ffff ffff ffff  ................
00004ed0: ffff ffff ffff ffff ffff ffff ffff ffff  ................
00004ee0: ffff ffff ffff ffff ffff ffff ffff ffff  ................
00004ef0: ffff ffff ffff ffff ffff ffff ffff ffff  ................
00004f00: ffff ffff ffff ffff ffff ffff ffff ffff  ................
00004f10: ffff ffff ffff ffff ffff ffff ffff ffff  ................
00004f20: ffff ffff ffff ffff ffff ffff ffff ffff  ................
00004f30: ffff ffff ffff ffff ffff ffff ffff ffff  ................
00004f40: ffff ffff ffff ffff ffff ffff ffff ffff  ................
00004f50: ffff ffff ffff ffff ffff ffff ffff ffff  ................
00004f60: ffff ffff ffff ffff ffff ffff ffff ffff  ................
00004f70: ffff ffff ffff ffff ffff ffff ffff ffff  ................
00004f80: ffff ffff ffff ffff ffff ffff ffff ffff  ................
00004f90: ffff ffff ffff ffff ffff ffff ffff ffff  ................
00004fa0: ffff ffff ffff ffff ffff ffff ffff ffff  ................
00004fb0: ffff ffff ffff ffff ffff ffff ffff ffff  ................
00004fc0: ffff ffff ffff ffff ffff ffff ffff ffff  ................
00004fd0: ffff ffff ffff ffff ffff ffff ffff ffff  ................
00004fe0: ffff ffff ffff ffff ffff ffff ffff ffff  ................
00004ff0: ffff ffff ffff ffff ffff ffff ffff ffff  ................
00005000: ffff ffff ffff ffff ffff ffff ffff ffff  ................
00005010: ffff ffff ffff ffff ffff ffff ffff ffff  ................
00005020: ffff ffff ffff ffff ffff ffff ffff ffff  ................
00005030: ffff ffff ffff ffff ffff ffff ffff ffff  ................
00005040: ffff ffff ffff ffff ffff ffff ffff ffff  ................
00005050: ffff ffff ffff ffff ffff ffff ffff ffff  ................
00005060: ffff ffff ffff ffff ffff ffff ffff ffff  ................
00005070: ffff ffff ffff ffff ffff ffff ffff ffff  ................
00005080: ffff ffff ffff ffff ffff ffff ffff ffff  ................
00005090: ffff ffff ffff ffff ffff ffff ffff ffff  ................
000050a0: ffff ffff ffff ffff ffff ffff ffff ffff  ................
000050b0: ffff ffff ffff ffff ffff ffff ffff ffff  ................
000050c0: ffff ffff ffff ffff ffff ffff ffff ffff  ................
000050d0: ffff ffff ffff ffff ffff ffff ffff ffff  ................
000050e0: ffff ffff ffff ffff ffff ffff ffff ffff  ................
000050f0: ffff ffff ffff ffff ffff ffff ffff ffff  ................
00005100: ffff ffff ffff ffff ffff ffff ffff ffff  ................
00005110: ffff ffff ffff ffff ffff ffff ffff ffff  ................
00005120: ffff ffff ffff ffff ffff ffff ffff ffff  ................
00005130: ffff ffff ffff ffff ffff ffff ffff ffff  ................
00005140: ffff ffff ffff ffff ffff ffff ffff ffff  ................
00005150: ffff ffff ffff ffff ffff ffff ffff ffff  ................
00005160: ffff ffff ffff ffff ffff ffff ffff ffff  ................
00005170: ffff ffff ffff ffff ffff ffff ffff ffff  ................
00005180: ffff ffff ffff ffff ffff ffff ffff ffff  ................
00005190: ffff ffff ffff ffff ffff ffff ffff ffff  ................
000051a0: ffff ffff ffff ffff ffff ffff ffff ffff  ................
000051b0: ffff ffff ffff ffff ffff ffff ffff ffff  ................
000051c0: ffff ffff ffff ffff ffff ffff ffff ffff  ................
000051d0: ffff ffff ffff ffff ffff ffff ffff ffff  ................
000051e0: ffff ffff ffff ffff ffff ffff ffff ffff  ................
000051f0: ffff ffff ffff ffff ffff ffff ffff ffff  ................
00005200: ffff ffff ffff ffff ffff ffff ffff ffff  ................
00005210: ffff ffff ffff ffff ffff ffff ffff ffff  ................
00005220: ffff ffff ffff ffff ffff ffff ffff ffff  ................
00005230: ffff ffff ffff ffff ffff ffff ffff ffff  ................
00005240: ffff ffff ffff ffff ffff ffff ffff ffff  ................
00005250: ffff ffff ffff ffff ffff ffff ffff ffff  ................
00005260: ffff ffff ffff ffff ffff ffff ffff ffff  ................
00005270: ffff ffff ffff ffff ffff ffff ffff ffff  ................
00005280: ffff ffff ffff ffff ffff ffff ffff ffff  ................
00005290: ffff ffff ffff ffff ffff ffff ffff ffff  ................
000052a0: ffff ffff ffff ffff ffff ffff ffff ffff  ................
000052b0: ffff ffff ffff ffff ffff ffff ffff ffff  ................
000052c0: ffff ffff ffff ffff ffff ffff ffff ffff  ................
000052d0: ffff ffff ffff ffff ffff ffff ffff ffff  ................
000052e0: ffff ffff ffff ffff ffff ffff ffff ffff  ................
000052f0: ffff ffff ffff ffff ffff ffff ffff ffff  ................
00005300: ffff ffff ffff ffff ffff ffff ffff ffff  ................
00005310: ffff ffff ffff ffff ffff ffff ffff ffff  ................
00005320: ffff ffff ffff ffff ffff ffff ffff ffff  ................
00005330: ffff ffff ffff ffff ffff ffff ffff ffff  ................
00005340: ffff ffff ffff ffff ffff ffff ffff ffff  ................
00005350: ffff ffff ffff ffff ffff ffff ffff ffff  ................
00005360: ffff ffff ffff ffff ffff ffff ffff ffff  ................
00005370: ffff ffff ffff ffff ffff ffff ffff ffff  ................
00005380: ffff ffff ffff ffff ffff ffff ffff ffff  ................
00005390: ffff ffff ffff ffff ffff ffff ffff ffff  ................
000053a0: ffff ffff ffff ffff ffff ffff ffff ffff  ................
000053b0: ffff ffff ffff ffff ffff ffff ffff ffff  ................
000053c0: ffff ffff ffff ffff ffff ffff ffff ffff  ................
000053d0: ffff ffff ffff ffff ffff ffff ffff ffff  ................
000053e0: ffff ffff ffff ffff ffff ffff ffff ffff  ................
000053f0: ffff ffff ffff ffff ffff ffff ffff ffff  ................
00005400: ffff ffff ffff ffff ffff ffff ffff ffff  ................
00005410: ffff ffff ffff ffff ffff ffff ffff ffff  ................
00005420: ffff ffff ffff ffff ffff ffff ffff ffff  ................
00005430: ffff ffff ffff ffff ffff ffff ffff ffff  ................
00005440: ffff ffff ffff ffff ffff ffff ffff ffff  ................
00005450: ffff ffff ffff ffff ffff ffff ffff ffff  ................
00005460: ffff ffff ffff ffff ffff ffff ffff ffff  ................
00005470: ffff ffff ffff ffff ffff ffff ffff ffff  ................
00005480: ffff ffff ffff ffff ffff ffff ffff ffff  ................
00005490: ffff ffff ffff ffff ffff ffff ffff ffff  ................
000054a0: ffff ffff ffff ffff ffff ffff ffff ffff  ................
000054b0: ffff ffff ffff ffff ffff ffff ffff ffff  ................
000054c0: ffff ffff ffff ffff ffff ffff ffff ffff  ................
000054d0: ffff ffff ffff ffff ffff ffff ffff ffff  ................
000054e0: ffff ffff ffff ffff ffff ffff ffff ffff  ................
000054f0: ffff ffff ffff ffff ffff ffff ffff ffff  ................
00005500: ffff ffff ffff ffff ffff ffff ffff ffff  ................
00005510: ffff ffff ffff ffff ffff ffff ffff ffff  ................
00005520: ffff ffff ffff ffff ffff ffff ffff ffff  ................
00005530: ffff ffff ffff ffff ffff ffff ffff ffff  ................
00005540: ffff ffff ffff ffff ffff ffff ffff ffff  ................
00005550: ffff ffff ffff ffff ffff ffff ffff ffff  ................
00005560: ffff ffff ffff ffff ffff ffff ffff ffff  ................
00005570: ffff ffff ffff ffff ffff ffff ffff ffff  ................
00005580: ffff ffff ffff ffff ffff ffff ffff ffff  ................
00005590: ffff ffff ffff ffff ffff ffff ffff ffff  ................
000055a0: ffff ffff ffff ffff ffff ffff ffff ffff  ................
000055b0: ffff ffff ffff ffff ffff ffff ffff ffff  ................
000055c0: ffff ffff ffff ffff ffff ffff ffff ffff  ................
000055d0: ffff ffff ffff ffff ffff ffff ffff ffff  ................
000055e0: ffff ffff ffff ffff ffff ffff ffff ffff  ................
000055f0: ffff ffff ffff ffff ffff ffff ffff ffff  ................
00005600: ffff ffff ffff ffff ffff ffff ffff ffff  ................
00005610: ffff ffff ffff ffff ffff ffff ffff ffff  ................
00005620: ffff ffff ffff ffff ffff ffff ffff ffff  ................
00005630: ffff ffff ffff ffff ffff ffff ffff ffff  ................
00005640: ffff ffff ffff ffff ffff ffff ffff ffff  ................
00005650: ffff ffff ffff ffff ffff ffff ffff ffff  ................
00005660: ffff ffff ffff ffff ffff ffff ffff ffff  ................
00005670: ffff ffff ffff ffff ffff ffff ffff ffff  ................
00005680: ffff ffff ffff ffff ffff ffff ffff ffff  ................
00005690: ffff ffff ffff ffff ffff ffff ffff ffff  ................
000056a0: ffff ffff ffff ffff ffff ffff ffff ffff  ................
000056b0: ffff ffff ffff ffff ffff ffff ffff ffff  ................
000056c0: ffff ffff ffff ffff ffff ffff ffff ffff  ................
000056d0: ffff ffff ffff ffff ffff ffff ffff ffff  ................
000056e0: ffff ffff ffff ffff ffff ffff ffff ffff  ................
000056f0: ffff ffff ffff ffff ffff ffff ffff ffff  ................
00005700: ffff ffff ffff ffff ffff ffff ffff ffff  ................
00005710: ffff ffff ffff ffff ffff ffff ffff ffff  ................
00005720: ffff ffff ffff ffff ffff ffff ffff ffff  ................
00005730: ffff ffff ffff ffff ffff ffff ffff ffff  ................
00005740: ffff ffff ffff ffff ffff ffff ffff ffff  ................
00005750: ffff ffff ffff ffff ffff ffff ffff ffff  ................
00005760: ffff ffff ffff ffff ffff ffff ffff ffff  ................
00005770: ffff ffff ffff ffff ffff ffff ffff ffff  ................
00005780: ffff ffff ffff ffff ffff ffff ffff ffff  ................
00005790: ffff ffff ffff ffff ffff ffff ffff ffff  ................
000057a0: ffff ffff ffff ffff ffff ffff ffff ffff  ................
000057b0: ffff ffff ffff ffff ffff ffff ffff ffff  ................
000057c0: ffff ffff ffff ffff ffff ffff ffff ffff  ................
000057d0: ffff ffff ffff ffff ffff ffff ffff ffff  ................
000057e0: ffff ffff ffff ffff ffff ffff ffff ffff  ................
000057f0: ffff ffff ffff ffff ffff ffff ffff ffff  ................
00005800: ffff ffff ffff ffff ffff ffff ffff ffff  ................
00005810: ffff ffff ffff ffff ffff ffff ffff ffff  ................
00005820: ffff ffff ffff ffff ffff ffff ffff ffff  ................
00005830: ffff ffff ffff ffff ffff ffff ffff ffff  ................
00005840: ffff ffff ffff ffff ffff ffff ffff ffff  ................
00005850: ffff ffff ffff ffff ffff ffff ffff ffff  ................
00005860: ffff ffff ffff ffff ffff ffff ffff ffff  ................
00005870: ffff ffff ffff ffff ffff ffff ffff ffff  ................
00005880: ffff ffff ffff ffff ffff ffff ffff ffff  ................
00005890: ffff ffff ffff ffff ffff ffff ffff ffff  ................
000058a0: ffff ffff ffff ffff ffff ffff ffff ffff  ................
000058b0: ffff ffff ffff ffff ffff ffff ffff ffff  ................
000058c0: ffff ffff ffff ffff ffff ffff ffff ffff  ................
000058d0: ffff ffff ffff ffff ffff ffff ffff ffff  ................
000058e0: ffff ffff ffff ffff ffff ffff ffff ffff  ................
000058f0: ffff ffff ffff ffff ffff ffff ffff ffff  ................
00005900: ffff ffff ffff ffff ffff ffff ffff ffff  ................
00005910: ffff ffff ffff ffff ffff ffff ffff ffff  ................
00005920: ffff ffff ffff ffff ffff ffff ffff ffff  ................
00005930: ffff ffff ffff ffff ffff ffff ffff ffff  ................
00005940: ffff ffff ffff ffff ffff ffff ffff ffff  ................
00005950: ffff ffff ffff ffff ffff ffff ffff ffff  ................
00005960: ffff ffff ffff ffff ffff ffff ffff ffff  ................
00005970: ffff ffff ffff ffff ffff ffff ffff ffff  ................
00005980: ffff ffff ffff ffff ffff ffff ffff ffff  ................
00005990: ffff ffff ffff ffff ffff ffff ffff ffff  ................
000059a0: ffff ffff ffff ffff ffff ffff ffff ffff  ................
000059b0: ffff ffff ffff ffff ffff ffff ffff ffff  ................
000059c0: ffff ffff ffff ffff ffff ffff ffff ffff  ................
000059d0: ffff ffff ffff ffff ffff ffff ffff ffff  ................
000059e0: ffff ffff ffff ffff ffff ffff ffff ffff  ................
000059f0: ffff ffff ffff ffff ffff ffff ffff ffff  ................
00005a00: ffff ffff ffff ffff ffff ffff ffff ffff  ................
00005a10: ffff ffff ffff ffff ffff ffff ffff ffff  ................
00005a20: ffff ffff ffff ffff ffff ffff ffff ffff  ................
00005a30: ffff ffff ffff ffff ffff ffff ffff ffff  ................
00005a40: ffff ffff ffff ffff ffff ffff ffff ffff  ................
00005a50: ffff ffff ffff ffff ffff ffff ffff ffff  ................
00005a60: ffff ffff ffff ffff ffff ffff ffff ffff  ................
00005a70: ffff ffff ffff ffff ffff ffff ffff ffff  ................
00005a80: ffff ffff ffff ffff ffff ffff ffff ffff  ................
00005a90: ffff ffff ffff ffff ffff ffff ffff ffff  ................
00005aa0: ffff ffff ffff ffff ffff ffff ffff ffff  ................
00005ab0: ffff ffff ffff ffff ffff ffff ffff ffff  ................
00005ac0: ffff ffff ffff ffff ffff ffff ffff ffff  ................
00005ad0: ffff ffff ffff ffff ffff ffff ffff ffff  ................
00005ae0: ffff ffff ffff ffff ffff ffff ffff ffff  ................
00005af0: ffff ffff ffff ffff ffff ffff ffff ffff  ................
00005b00: ffff ffff ffff ffff ffff ffff ffff ffff  ................
00005b10: ffff ffff ffff ffff ffff ffff ffff ffff  ................
00005b20: ffff ffff ffff ffff ffff ffff ffff ffff  ................
00005b30: ffff ffff ffff ffff ffff ffff ffff ffff  ................
00005b40: ffff ffff ffff ffff ffff ffff ffff ffff  ................
00005b50: ffff ffff ffff ffff ffff ffff ffff ffff  ................
00005b60: ffff ffff ffff ffff ffff ffff ffff ffff  ................
00005b70: ffff ffff ffff ffff ffff ffff ffff ffff  ................
00005b80: ffff ffff ffff ffff ffff ffff ffff ffff  ................
00005b90: ffff ffff ffff ffff ffff ffff ffff ffff  ................
00005ba0: ffff ffff ffff ffff ffff ffff ffff ffff  ................
00005bb0: ffff ffff ffff ffff ffff ffff ffff ffff  ................
00005bc0: ffff ffff ffff ffff ffff ffff ffff ffff  ................
00005bd0: ffff ffff ffff ffff ffff ffff ffff ffff  ................
00005be0: ffff ffff ffff ffff ffff ffff ffff ffff  ................
00005bf0: ffff ffff ffff ffff ffff ffff ffff ffff  ................
00005c00: ffff ffff ffff ffff ffff ffff ffff ffff  ................
00005c10: ffff ffff ffff ffff ffff ffff ffff ffff  ................
00005c20: ffff ffff ffff ffff ffff ffff ffff ffff  ................
00005c30: ffff ffff ffff ffff ffff ffff ffff ffff  ................
00005c40: ffff ffff ffff ffff ffff ffff ffff ffff  ................
00005c50: ffff ffff ffff ffff ffff ffff ffff ffff  ................
00005c60: ffff ffff ffff ffff ffff ffff ffff ffff  ................
00005c70: ffff ffff ffff ffff ffff ffff ffff ffff  ................
00005c80: ffff ffff ffff ffff ffff ffff ffff ffff  ................
00005c90: ffff ffff ffff ffff ffff ffff ffff ffff  ................
00005ca0: ffff ffff ffff ffff ffff ffff ffff ffff  ................
00005cb0: ffff ffff ffff ffff ffff ffff ffff ffff  ................
00005cc0: ffff ffff ffff ffff ffff ffff ffff ffff  ................
00005cd0: ffff ffff ffff ffff ffff ffff ffff ffff  ................
00005ce0: ffff ffff ffff ffff ffff ffff ffff ffff  ................
00005cf0: ffff ffff ffff ffff ffff ffff ffff ffff  ................
00005d00: ffff ffff ffff ffff ffff ffff ffff ffff  ................
00005d10: ffff ffff ffff ffff ffff ffff ffff ffff  ................
00005d20: ffff ffff ffff ffff ffff ffff ffff ffff  ................
00005d30: ffff ffff ffff ffff ffff ffff ffff ffff  ................
00005d40: ffff ffff ffff ffff ffff ffff ffff ffff  ................
00005d50: ffff ffff ffff ffff ffff ffff ffff ffff  ................
00005d60: ffff ffff ffff ffff ffff ffff ffff ffff  ................
00005d70: ffff ffff ffff ffff ffff ffff ffff ffff  ................
00005d80: ffff ffff ffff ffff ffff ffff ffff ffff  ................
00005d90: ffff ffff ffff ffff ffff ffff ffff ffff  ................
00005da0: ffff ffff ffff ffff ffff ffff ffff ffff  ................
00005db0: ffff ffff ffff ffff ffff ffff ffff ffff  ................
00005dc0: ffff ffff ffff ffff ffff ffff ffff ffff  ................
00005dd0: ffff ffff ffff ffff ffff ffff ffff ffff  ................
00005de0: ffff ffff ffff ffff ffff ffff ffff ffff  ................
00005df0: ffff ffff ffff ffff ffff ffff ffff ffff  ................
00005e00: ffff ffff ffff ffff ffff ffff ffff ffff  ................
00005e10: ffff ffff ffff ffff ffff ffff ffff ffff  ................
00005e20: ffff ffff ffff ffff ffff ffff ffff ffff  ................
00005e30: ffff ffff ffff ffff ffff ffff ffff ffff  ................
00005e40: ffff ffff ffff ffff ffff ffff ffff ffff  ................
00005e50: ffff ffff ffff ffff ffff ffff ffff ffff  ................
00005e60: ffff ffff ffff ffff ffff ffff ffff ffff  ................
00005e70: ffff ffff ffff ffff ffff ffff ffff ffff  ................
00005e80: ffff ffff ffff ffff ffff ffff ffff ffff  ................
00005e90: ffff ffff ffff ffff ffff ffff ffff ffff  ................
00005ea0: ffff ffff ffff ffff ffff ffff ffff ffff  ................
00005eb0: ffff ffff ffff ffff ffff ffff ffff ffff  ................
00005ec0: ffff ffff ffff ffff ffff ffff ffff ffff  ................
00005ed0: ffff ffff ffff ffff ffff ffff ffff ffff  ................
00005ee0: ffff ffff ffff ffff ffff ffff ffff ffff  ................
00005ef0: ffff ffff ffff ffff ffff ffff ffff ffff  ................
00005f00: ffff ffff ffff ffff ffff ffff ffff ffff  ................
00005f10: ffff ffff ffff ffff ffff ffff ffff ffff  ................
00005f20: ffff ffff ffff ffff ffff ffff ffff ffff  ................
00005f30: ffff ffff ffff ffff ffff ffff ffff ffff  ................
00005f40: ffff ffff ffff ffff ffff ffff ffff ffff  ................
00005f50: ffff ffff ffff ffff ffff ffff ffff ffff  ................
00005f60: ffff ffff ffff ffff ffff ffff ffff ffff  ................
00005f70: ffff ffff ffff ffff ffff ffff ffff ffff  ................
00005f80: ffff ffff ffff ffff ffff ffff ffff ffff  ................
00005f90: ffff ffff ffff ffff ffff ffff ffff ffff  ................
00005fa0: ffff ffff ffff ffff ffff ffff ffff ffff  ................
00005fb0: ffff ffff ffff ffff ffff ffff ffff ffff  ................
00005fc0: ffff ffff ffff ffff ffff ffff ffff ffff  ................
00005fd0: ffff ffff ffff ffff ffff ffff ffff ffff  ................
00005fe0: ffff ffff ffff ffff ffff ffff ffff ffff  ................
00005ff0: ffff ffff ffff ffff ffff ffff ffff ffff  ................
00006000: ffff ffff ffff ffff ffff ffff ffff ffff  ................
00006010: ffff ffff ffff ffff ffff ffff ffff ffff  ................
00006020: ffff ffff ffff ffff ffff ffff ffff ffff  ................
00006030: ffff ffff ffff ffff ffff ffff ffff ffff  ................
00006040: ffff ffff ffff ffff ffff ffff ffff ffff  ................
00006050: ffff ffff ffff ffff ffff ffff ffff ffff  ................
00006060: ffff ffff ffff ffff ffff ffff ffff ffff  ................
00006070: ffff ffff ffff ffff ffff ffff ffff ffff  ................
00006080: ffff ffff ffff ffff ffff ffff ffff ffff  ................
00006090: ffff ffff ffff ffff ffff ffff ffff ffff  ................
000060a0: ffff ffff ffff ffff ffff ffff ffff ffff  ................
000060b0: ffff ffff ffff ffff ffff ffff ffff ffff  ................
000060c0: ffff ffff ffff ffff ffff ffff ffff ffff  ................
000060d0: ffff ffff ffff ffff ffff ffff ffff ffff  ................
000060e0: ffff ffff ffff ffff ffff ffff ffff ffff  ................
000060f0: ffff ffff ffff ffff ffff ffff ffff ffff  ................
00006100: ffff ffff ffff ffff ffff ffff ffff ffff  ................
00006110: ffff ffff ffff ffff ffff ffff ffff ffff  ................
00006120: ffff ffff ffff ffff ffff ffff ffff ffff  ................
00006130: ffff ffff ffff ffff ffff ffff ffff ffff  ................
00006140: ffff ffff ffff ffff ffff ffff ffff ffff  ................
00006150: ffff ffff ffff ffff ffff ffff ffff ffff  ................
00006160: ffff ffff ffff ffff ffff ffff ffff ffff  ................
00006170: ffff ffff ffff ffff ffff ffff ffff ffff  ................
00006180: ffff ffff ffff ffff ffff ffff ffff ffff  ................
00006190: ffff ffff ffff ffff ffff ffff ffff ffff  ................
000061a0: ffff ffff ffff ffff ffff ffff ffff ffff  ................
000061b0: ffff ffff ffff ffff ffff ffff ffff ffff  ................
000061c0: ffff ffff ffff ffff ffff ffff ffff ffff  ................
000061d0: ffff ffff ffff ffff ffff ffff ffff ffff  ................
000061e0: ffff ffff ffff ffff ffff ffff ffff ffff  ................
000061f0: ffff ffff ffff ffff ffff ffff ffff ffff  ................
00006200: ffff ffff ffff ffff ffff ffff ffff ffff  ................
00006210: ffff ffff ffff ffff ffff ffff ffff ffff  ................
00006220: ffff ffff ffff ffff ffff ffff ffff ffff  ................
00006230: ffff ffff ffff ffff ffff ffff ffff ffff  ................
00006240: ffff ffff ffff ffff ffff ffff ffff ffff  ................
00006250: ffff ffff ffff ffff ffff ffff ffff ffff  ................
00006260: ffff ffff ffff ffff ffff ffff ffff ffff  ................
00006270: ffff ffff ffff ffff ffff ffff ffff ffff  ................
00006280: ffff ffff ffff ffff ffff ffff ffff ffff  ................
00006290: ffff ffff ffff ffff ffff ffff ffff ffff  ................
000062a0: ffff ffff ffff ffff ffff ffff ffff ffff  ................
000062b0: ffff ffff ffff ffff ffff ffff ffff ffff  ................
000062c0: ffff ffff ffff ffff ffff ffff ffff ffff  ................
000062d0: ffff ffff ffff ffff ffff ffff ffff ffff  ................
000062e0: ffff ffff ffff ffff ffff ffff ffff ffff  ................
000062f0: ffff ffff ffff ffff ffff ffff ffff ffff  ................
00006300: ffff ffff ffff ffff ffff ffff ffff ffff  ................
00006310: ffff ffff ffff ffff ffff ffff ffff ffff  ................
00006320: ffff ffff ffff ffff ffff ffff ffff ffff  ................
00006330: ffff ffff ffff ffff ffff ffff ffff ffff  ................
00006340: ffff ffff ffff ffff ffff ffff ffff ffff  ................
00006350: ffff ffff ffff ffff ffff ffff ffff ffff  ................
00006360: ffff ffff ffff ffff ffff ffff ffff ffff  ................
00006370: ffff ffff ffff ffff ffff ffff ffff ffff  ................
00006380: ffff ffff ffff ffff ffff ffff ffff ffff  ................
00006390: ffff ffff ffff ffff ffff ffff ffff ffff  ................
000063a0: ffff ffff ffff ffff ffff ffff ffff ffff  ................
000063b0: ffff ffff ffff ffff ffff ffff ffff ffff  ................
000063c0: ffff ffff ffff ffff ffff ffff ffff ffff  ................
000063d0: ffff ffff ffff ffff ffff ffff ffff ffff  ................
000063e0: ffff ffff ffff ffff ffff ffff ffff ffff  ................
000063f0: ffff ffff ffff ffff ffff ffff ffff ffff  ................
00006400: ffff ffff ffff ffff ffff ffff ffff ffff  ................
00006410: ffff ffff ffff ffff ffff ffff ffff ffff  ................
00006420: ffff ffff ffff ffff ffff ffff ffff ffff  ................
00006430: ffff ffff ffff ffff ffff ffff ffff ffff  ................
00006440: ffff ffff ffff ffff ffff ffff ffff ffff  ................
00006450: ffff ffff ffff ffff ffff ffff ffff ffff  ................
00006460: ffff ffff ffff ffff ffff ffff ffff ffff  ................
00006470: ffff ffff ffff ffff ffff ffff ffff ffff  ................
00006480: ffff ffff ffff ffff ffff ffff ffff ffff  ................
00006490: ffff ffff ffff ffff ffff ffff ffff ffff  ................
000064a0: ffff ffff ffff ffff ffff ffff ffff ffff  ................
000064b0: ffff ffff ffff ffff ffff ffff ffff ffff  ................
000064c0: ffff ffff ffff ffff ffff ffff ffff ffff  ................
000064d0: ffff ffff ffff ffff ffff ffff ffff ffff  ................
000064e0: ffff ffff ffff ffff ffff ffff ffff ffff  ................
000064f0: ffff ffff ffff ffff ffff ffff ffff ffff  ................
00006500: ffff ffff ffff ffff ffff ffff ffff ffff  ................
00006510: ffff ffff ffff ffff ffff ffff ffff ffff  ................
00006520: ffff ffff ffff ffff ffff ffff ffff ffff  ................
00006530: ffff ffff ffff ffff ffff ffff ffff ffff  ................
00006540: ffff ffff ffff ffff ffff ffff ffff ffff  ................
00006550: ffff ffff ffff ffff ffff ffff ffff ffff  ................
00006560: ffff ffff ffff ffff ffff ffff ffff ffff  ................
00006570: ffff ffff ffff ffff ffff ffff ffff ffff  ................
00006580: ffff ffff ffff ffff ffff ffff ffff ffff  ................
00006590: ffff ffff ffff ffff ffff ffff ffff ffff  ................
000065a0: ffff ffff ffff ffff ffff ffff ffff ffff  ................
000065b0: ffff ffff ffff ffff ffff ffff ffff ffff  ................
000065c0: ffff ffff ffff ffff ffff ffff ffff ffff  ................
000065d0: ffff ffff ffff ffff ffff ffff ffff ffff  ................
000065e0: ffff ffff ffff ffff ffff ffff ffff ffff  ................
000065f0: ffff ffff ffff ffff ffff ffff ffff ffff  ................
00006600: ffff ffff ffff ffff ffff ffff ffff ffff  ................
00006610: ffff ffff ffff ffff ffff ffff ffff ffff  ................
00006620: ffff ffff ffff ffff ffff ffff ffff ffff  ................
00006630: ffff ffff ffff ffff ffff ffff ffff ffff  ................
00006640: ffff ffff ffff ffff ffff ffff ffff ffff  ................
00006650: ffff ffff ffff ffff ffff ffff ffff ffff  ................
00006660: ffff ffff ffff ffff ffff ffff ffff ffff  ................
00006670: ffff ffff ffff ffff ffff ffff ffff ffff  ................
00006680: ffff ffff ffff ffff ffff ffff ffff ffff  ................
00006690: ffff ffff ffff ffff ffff ffff ffff ffff  ................
000066a0: ffff ffff ffff ffff ffff ffff ffff ffff  ................
000066b0: ffff ffff ffff ffff ffff ffff ffff ffff  ................
000066c0: ffff ffff ffff ffff ffff ffff ffff ffff  ................
000066d0: ffff ffff ffff ffff ffff ffff ffff ffff  ................
000066e0: ffff ffff ffff ffff ffff ffff ffff ffff  ................
000066f0: ffff ffff ffff ffff ffff ffff ffff ffff  ................
00006700: ffff ffff ffff ffff ffff ffff ffff ffff  ................
00006710: ffff ffff ffff ffff ffff ffff ffff ffff  ................
00006720: ffff ffff ffff ffff ffff ffff ffff ffff  ................
00006730: ffff ffff ffff ffff ffff ffff ffff ffff  ................
00006740: ffff ffff ffff ffff ffff ffff ffff ffff  ................
00006750: ffff ffff ffff ffff ffff ffff ffff ffff  ................
00006760: ffff ffff ffff ffff ffff ffff ffff ffff  ................
00006770: ffff ffff ffff ffff ffff ffff ffff ffff  ................
00006780: ffff ffff ffff ffff ffff ffff ffff ffff  ................
00006790: ffff ffff ffff ffff ffff ffff ffff ffff  ................
000067a0: ffff ffff ffff ffff ffff ffff ffff ffff  ................
000067b0: ffff ffff ffff ffff ffff ffff ffff ffff  ................
000067c0: ffff ffff ffff ffff ffff ffff ffff ffff  ................
000067d0: ffff ffff ffff ffff ffff ffff ffff ffff  ................
000067e0: ffff ffff ffff ffff ffff ffff ffff ffff  ................
000067f0: ffff ffff ffff ffff ffff ffff ffff ffff  ................
00006800: ffff ffff ffff ffff ffff ffff ffff ffff  ................
00006810: ffff ffff ffff ffff ffff ffff ffff ffff  ................
00006820: ffff ffff ffff ffff ffff ffff ffff ffff  ................
00006830: ffff ffff ffff ffff ffff ffff ffff ffff  ................
00006840: ffff ffff ffff ffff ffff ffff ffff ffff  ................
00006850: ffff ffff ffff ffff ffff ffff ffff ffff  ................
00006860: ffff ffff ffff ffff ffff ffff ffff ffff  ................
00006870: ffff ffff ffff ffff ffff ffff ffff ffff  ................
00006880: ffff ffff ffff ffff ffff ffff ffff ffff  ................
00006890: ffff ffff ffff ffff ffff ffff ffff ffff  ................
000068a0: ffff ffff ffff ffff ffff ffff ffff ffff  ................
000068b0: ffff ffff ffff ffff ffff ffff ffff ffff  ................
000068c0: ffff ffff ffff ffff ffff ffff ffff ffff  ................
000068d0: ffff ffff ffff ffff ffff ffff ffff ffff  ................
000068e0: ffff ffff ffff ffff ffff ffff ffff ffff  ................
000068f0: ffff ffff ffff ffff ffff ffff ffff ffff  ................
00006900: ffff ffff ffff ffff ffff ffff ffff ffff  ................
00006910: ffff ffff ffff ffff ffff ffff ffff ffff  ................
00006920: ffff ffff ffff ffff ffff ffff ffff ffff  ................
00006930: ffff ffff ffff ffff ffff ffff ffff ffff  ................
00006940: ffff ffff ffff ffff ffff ffff ffff ffff  ................
00006950: ffff ffff ffff ffff ffff ffff ffff ffff  ................
00006960: ffff ffff ffff ffff ffff ffff ffff ffff  ................
00006970: ffff ffff ffff ffff ffff ffff ffff ffff  ................
00006980: ffff ffff ffff ffff ffff ffff ffff ffff  ................
00006990: ffff ffff ffff ffff ffff ffff ffff ffff  ................
000069a0: ffff ffff ffff ffff ffff ffff ffff ffff  ................
000069b0: ffff ffff ffff ffff ffff ffff ffff ffff  ................
000069c0: ffff ffff ffff ffff ffff ffff ffff ffff  ................
000069d0: ffff ffff ffff ffff ffff ffff ffff ffff  ................
000069e0: ffff ffff ffff ffff ffff ffff ffff ffff  ................
000069f0: ffff ffff ffff ffff ffff ffff ffff ffff  ................
00006a00: ffff ffff ffff ffff ffff ffff ffff ffff  ................
00006a10: ffff ffff ffff ffff ffff ffff ffff ffff  ................
00006a20: ffff ffff ffff ffff ffff ffff ffff ffff  ................
00006a30: ffff ffff ffff ffff ffff ffff ffff ffff  ................
00006a40: ffff ffff ffff ffff ffff ffff ffff ffff  ................
00006a50: ffff ffff ffff ffff ffff ffff ffff ffff  ................
00006a60: ffff ffff ffff ffff ffff ffff ffff ffff  ................
00006a70: ffff ffff ffff ffff ffff ffff ffff ffff  ................
00006a80: ffff ffff ffff ffff ffff ffff ffff ffff  ................
00006a90: ffff ffff ffff ffff ffff ffff ffff ffff  ................
00006aa0: ffff ffff ffff ffff ffff ffff ffff ffff  ................
00006ab0: ffff ffff ffff ffff ffff ffff ffff ffff  ................
00006ac0: ffff ffff ffff ffff ffff ffff ffff ffff  ................
00006ad0: ffff ffff ffff ffff ffff ffff ffff ffff  ................
00006ae0: ffff ffff ffff ffff ffff ffff ffff ffff  ................
00006af0: ffff ffff ffff ffff ffff ffff ffff ffff  ................
00006b00: ffff ffff ffff ffff ffff ffff ffff ffff  ................
00006b10: ffff ffff ffff ffff ffff ffff ffff ffff  ................
00006b20: ffff ffff ffff ffff ffff ffff ffff ffff  ................
00006b30: ffff ffff ffff ffff ffff ffff ffff ffff  ................
00006b40: ffff ffff ffff ffff ffff ffff ffff ffff  ................
00006b50: ffff ffff ffff ffff ffff ffff ffff ffff  ................
00006b60: ffff ffff ffff ffff ffff ffff ffff ffff  ................
00006b70: ffff ffff ffff ffff ffff ffff ffff ffff  ................
00006b80: ffff ffff ffff ffff ffff ffff ffff ffff  ................
00006b90: ffff ffff ffff ffff ffff ffff ffff ffff  ................
00006ba0: ffff ffff ffff ffff ffff ffff ffff ffff  ................
00006bb0: ffff ffff ffff ffff ffff ffff ffff ffff  ................
00006bc0: ffff ffff ffff ffff ffff ffff ffff ffff  ................
00006bd0: ffff ffff ffff ffff ffff ffff ffff ffff  ................
00006be0: ffff ffff ffff ffff ffff ffff ffff ffff  ................
00006bf0: ffff ffff ffff ffff ffff ffff ffff ffff  ................
00006c00: ffff ffff ffff ffff ffff ffff ffff ffff  ................
00006c10: ffff ffff ffff ffff ffff ffff ffff ffff  ................
00006c20: ffff ffff ffff ffff ffff ffff ffff ffff  ................
00006c30: ffff ffff ffff ffff ffff ffff ffff ffff  ................
00006c40: ffff ffff ffff ffff ffff ffff ffff ffff  ................
00006c50: ffff ffff ffff ffff ffff ffff ffff ffff  ................
00006c60: ffff ffff ffff ffff ffff ffff ffff ffff  ................
00006c70: ffff ffff ffff ffff ffff ffff ffff ffff  ................
00006c80: ffff ffff ffff ffff ffff ffff ffff ffff  ................
00006c90: ffff ffff ffff ffff ffff ffff ffff ffff  ................
00006ca0: ffff ffff ffff ffff ffff ffff ffff ffff  ................
00006cb0: ffff ffff ffff ffff ffff ffff ffff ffff  ................
00006cc0: ffff ffff ffff ffff ffff ffff ffff ffff  ................
00006cd0: ffff ffff ffff ffff ffff ffff ffff ffff  ................
00006ce0: ffff ffff ffff ffff ffff ffff ffff ffff  ................
00006cf0: ffff ffff ffff ffff ffff ffff ffff ffff  ................
00006d00: ffff ffff ffff ffff ffff ffff ffff ffff  ................
00006d10: ffff ffff ffff ffff ffff ffff ffff ffff  ................
00006d20: ffff ffff ffff ffff ffff ffff ffff ffff  ................
00006d30: ffff ffff ffff ffff ffff ffff ffff ffff  ................
00006d40: ffff ffff ffff ffff ffff ffff ffff ffff  ................
00006d50: ffff ffff ffff ffff ffff ffff ffff ffff  ................
00006d60: ffff ffff ffff ffff ffff ffff ffff ffff  ................
00006d70: ffff ffff ffff ffff ffff ffff ffff ffff  ................
00006d80: ffff ffff ffff ffff ffff ffff ffff ffff  ................
00006d90: ffff ffff ffff ffff ffff ffff ffff ffff  ................
00006da0: ffff ffff ffff ffff ffff ffff ffff ffff  ................
00006db0: ffff ffff ffff ffff ffff ffff ffff ffff  ................
00006dc0: ffff ffff ffff ffff ffff ffff ffff ffff  ................
00006dd0: ffff ffff ffff ffff ffff ffff ffff ffff  ................
00006de0: ffff ffff ffff ffff ffff ffff ffff ffff  ................
00006df0: ffff ffff ffff ffff ffff ffff ffff ffff  ................
00006e00: ffff ffff ffff ffff ffff ffff ffff ffff  ................
00006e10: ffff ffff ffff ffff ffff ffff ffff ffff  ................
00006e20: ffff ffff ffff ffff ffff ffff ffff ffff  ................
00006e30: ffff ffff ffff ffff ffff ffff ffff ffff  ................
00006e40: ffff ffff ffff ffff ffff ffff ffff ffff  ................
00006e50: ffff ffff ffff ffff ffff ffff ffff ffff  ................
00006e60: ffff ffff ffff ffff ffff ffff ffff ffff  ................
00006e70: ffff ffff ffff ffff ffff ffff ffff ffff  ................
00006e80: ffff ffff ffff ffff ffff ffff ffff ffff  ................
00006e90: ffff ffff ffff ffff ffff ffff ffff ffff  ................
00006ea0: ffff ffff ffff ffff ffff ffff ffff ffff  ................
00006eb0: ffff ffff ffff ffff ffff ffff ffff ffff  ................
00006ec0: ffff ffff ffff ffff ffff ffff ffff ffff  ................
00006ed0: ffff ffff ffff ffff ffff ffff ffff ffff  ................
00006ee0: ffff ffff ffff ffff ffff ffff ffff ffff  ................
00006ef0: ffff ffff ffff ffff ffff ffff ffff ffff  ................
00006f00: ffff ffff ffff ffff ffff ffff ffff ffff  ................
00006f10: ffff ffff ffff ffff ffff ffff ffff ffff  ................
00006f20: ffff ffff ffff ffff ffff ffff ffff ffff  ................
00006f30: ffff ffff ffff ffff ffff ffff ffff ffff  ................
00006f40: ffff ffff ffff ffff ffff ffff ffff ffff  ................
00006f50: ffff ffff ffff ffff ffff ffff ffff ffff  ................
00006f60: ffff ffff ffff ffff ffff ffff ffff ffff  ................
00006f70: ffff ffff ffff ffff ffff ffff ffff ffff  ................
00006f80: ffff ffff ffff ffff ffff ffff ffff ffff  ................
00006f90: ffff ffff ffff ffff ffff ffff ffff ffff  ................
00006fa0: ffff ffff ffff ffff ffff ffff ffff ffff  ................
00006fb0: ffff ffff ffff ffff ffff ffff ffff ffff  ................
00006fc0: ffff ffff ffff ffff ffff ffff ffff ffff  ................
00006fd0: ffff ffff ffff ffff ffff ffff ffff ffff  ................
00006fe0: ffff ffff ffff ffff ffff ffff ffff ffff  ................
00006ff0: ffff ffff ffff ffff ffff ffff ffff ffff  ................
00007000: ffff ffff ffff ffff ffff ffff ffff ffff  ................
00007010: ffff ffff ffff ffff ffff ffff ffff ffff  ................
00007020: ffff ffff ffff ffff ffff ffff ffff ffff  ................
00007030: ffff ffff ffff ffff ffff ffff ffff ffff  ................
00007040: ffff ffff ffff ffff ffff ffff ffff ffff  ................
00007050: ffff ffff ffff ffff ffff ffff ffff ffff  ................
00007060: ffff ffff ffff ffff ffff ffff ffff ffff  ................
00007070: ffff ffff ffff ffff ffff ffff ffff ffff  ................
00007080: ffff ffff ffff ffff ffff ffff ffff ffff  ................
00007090: ffff ffff ffff ffff ffff ffff ffff ffff  ................
000070a0: ffff ffff ffff ffff ffff ffff ffff ffff  ................
000070b0: ffff ffff ffff ffff ffff ffff ffff ffff  ................
000070c0: ffff ffff ffff ffff ffff ffff ffff ffff  ................
000070d0: ffff ffff ffff ffff ffff ffff ffff ffff  ................
000070e0: ffff ffff ffff ffff ffff ffff ffff ffff  ................
000070f0: ffff ffff ffff ffff ffff ffff ffff ffff  ................
00007100: ffff ffff ffff ffff ffff ffff ffff ffff  ................
00007110: ffff ffff ffff ffff ffff ffff ffff ffff  ................
00007120: ffff ffff ffff ffff ffff ffff ffff ffff  ................
00007130: ffff ffff ffff ffff ffff ffff ffff ffff  ................
00007140: ffff ffff ffff ffff ffff ffff ffff ffff  ................
00007150: ffff ffff ffff ffff ffff ffff ffff ffff  ................
00007160: ffff ffff ffff ffff ffff ffff ffff ffff  ................
00007170: ffff ffff ffff ffff ffff ffff ffff ffff  ................
00007180: ffff ffff ffff ffff ffff ffff ffff ffff  ................
00007190: ffff ffff ffff ffff ffff ffff ffff ffff  ................
000071a0: ffff ffff ffff ffff ffff ffff ffff ffff  ................
000071b0: ffff ffff ffff ffff ffff ffff ffff ffff  ................
000071c0: ffff ffff ffff ffff ffff ffff ffff ffff  ................
000071d0: ffff ffff ffff ffff ffff ffff ffff ffff  ................
000071e0: ffff ffff ffff ffff ffff ffff ffff ffff  ................
000071f0: ffff ffff ffff ffff ffff ffff ffff ffff  ................
00007200: ffff ffff ffff ffff ffff ffff ffff ffff  ................
00007210: ffff ffff ffff ffff ffff ffff ffff ffff  ................
00007220: ffff ffff ffff ffff ffff ffff ffff ffff  ................
00007230: ffff ffff ffff ffff ffff ffff ffff ffff  ................
00007240: ffff ffff ffff ffff ffff ffff ffff ffff  ................
00007250: ffff ffff ffff ffff ffff ffff ffff ffff  ................
00007260: ffff ffff ffff ffff ffff ffff ffff ffff  ................
00007270: ffff ffff ffff ffff ffff ffff ffff ffff  ................
00007280: ffff ffff ffff ffff ffff ffff ffff ffff  ................
00007290: ffff ffff ffff ffff ffff ffff ffff ffff  ................
000072a0: ffff ffff ffff ffff ffff ffff ffff ffff  ................
000072b0: ffff ffff ffff ffff ffff ffff ffff ffff  ................
000072c0: ffff ffff ffff ffff ffff ffff ffff ffff  ................
000072d0: ffff ffff ffff ffff ffff ffff ffff ffff  ................
000072e0: ffff ffff ffff ffff ffff ffff ffff ffff  ................
000072f0: ffff ffff ffff ffff ffff ffff ffff ffff  ................
00007300: ffff ffff ffff ffff ffff ffff ffff ffff  ................
00007310: ffff ffff ffff ffff ffff ffff ffff ffff  ................
00007320: ffff ffff ffff ffff ffff ffff ffff ffff  ................
00007330: ffff ffff ffff ffff ffff ffff ffff ffff  ................
00007340: ffff ffff ffff ffff ffff ffff ffff ffff  ................
00007350: ffff ffff ffff ffff ffff ffff ffff ffff  ................
00007360: ffff ffff ffff ffff ffff ffff ffff ffff  ................
00007370: ffff ffff ffff ffff ffff ffff ffff ffff  ................
00007380: ffff ffff ffff ffff ffff ffff ffff ffff  ................
00007390: ffff ffff ffff ffff ffff ffff ffff ffff  ................
000073a0: ffff ffff ffff ffff ffff ffff ffff ffff  ................
000073b0: ffff ffff ffff ffff ffff ffff ffff ffff  ................
000073c0: ffff ffff ffff ffff ffff ffff ffff ffff  ................
000073d0: ffff ffff ffff ffff ffff ffff ffff ffff  ................
000073e0: ffff ffff ffff ffff ffff ffff ffff ffff  ................
000073f0: ffff ffff ffff ffff ffff ffff ffff ffff  ................
00007400: ffff ffff ffff ffff ffff ffff ffff ffff  ................
00007410: ffff ffff ffff ffff ffff ffff ffff ffff  ................
00007420: ffff ffff ffff ffff ffff ffff ffff ffff  ................
00007430: ffff ffff ffff ffff ffff ffff ffff ffff  ................
00007440: ffff ffff ffff ffff ffff ffff ffff ffff  ................
00007450: ffff ffff ffff ffff ffff ffff ffff ffff  ................
00007460: ffff ffff ffff ffff ffff ffff ffff ffff  ................
00007470: ffff ffff ffff ffff ffff ffff ffff ffff  ................
00007480: ffff ffff ffff ffff ffff ffff ffff ffff  ................
00007490: ffff ffff ffff ffff ffff ffff ffff ffff  ................
000074a0: ffff ffff ffff ffff ffff ffff ffff ffff  ................
000074b0: ffff ffff ffff ffff ffff ffff ffff ffff  ................
000074c0: ffff ffff ffff ffff ffff ffff ffff ffff  ................
000074d0: ffff ffff ffff ffff ffff ffff ffff ffff  ................
000074e0: ffff ffff ffff ffff ffff ffff ffff ffff  ................
000074f0: ffff ffff ffff ffff ffff ffff ffff ffff  ................
00007500: ffff ffff ffff ffff ffff ffff ffff ffff  ................
00007510: ffff ffff ffff ffff ffff ffff ffff ffff  ................
00007520: ffff ffff ffff ffff ffff ffff ffff ffff  ................
00007530: ffff ffff ffff ffff ffff ffff ffff ffff  ................
00007540: ffff ffff ffff ffff ffff ffff ffff ffff  ................
00007550: ffff ffff ffff ffff ffff ffff ffff ffff  ................
00007560: ffff ffff ffff ffff ffff ffff ffff ffff  ................
00007570: ffff ffff ffff ffff ffff ffff ffff ffff  ................
00007580: ffff ffff ffff ffff ffff ffff ffff ffff  ................
00007590: ffff ffff ffff ffff ffff ffff ffff ffff  ................
000075a0: ffff ffff ffff ffff ffff ffff ffff ffff  ................
000075b0: ffff ffff ffff ffff ffff ffff ffff ffff  ................
000075c0: ffff ffff ffff ffff ffff ffff ffff ffff  ................
000075d0: ffff ffff ffff ffff ffff ffff ffff ffff  ................
000075e0: ffff ffff ffff ffff ffff ffff ffff ffff  ................
000075f0: ffff ffff ffff ffff ffff ffff ffff ffff  ................
00007600: ffff ffff ffff ffff ffff ffff ffff ffff  ................
00007610: ffff ffff ffff ffff ffff ffff ffff ffff  ................
00007620: ffff ffff ffff ffff ffff ffff ffff ffff  ................
00007630: ffff ffff ffff ffff ffff ffff ffff ffff  ................
00007640: ffff ffff ffff ffff ffff ffff ffff ffff  ................
00007650: ffff ffff ffff ffff ffff ffff ffff ffff  ................
00007660: ffff ffff ffff ffff ffff ffff ffff ffff  ................
00007670: ffff ffff ffff ffff ffff ffff ffff ffff  ................
00007680: ffff ffff ffff ffff ffff ffff ffff ffff  ................
00007690: ffff ffff ffff ffff ffff ffff ffff ffff  ................
000076a0: ffff ffff ffff ffff ffff ffff ffff ffff  ................
000076b0: ffff ffff ffff ffff ffff ffff ffff ffff  ................
000076c0: ffff ffff ffff ffff ffff ffff ffff ffff  ................
000076d0: ffff ffff ffff ffff ffff ffff ffff ffff  ................
000076e0: ffff ffff ffff ffff ffff ffff ffff ffff  ................
000076f0: ffff ffff ffff ffff ffff ffff ffff ffff  ................
00007700: ffff ffff ffff ffff ffff ffff ffff ffff  ................
00007710: ffff ffff ffff ffff ffff ffff ffff ffff  ................
00007720: ffff ffff ffff ffff ffff ffff ffff ffff  ................
00007730: ffff ffff ffff ffff ffff ffff ffff ffff  ................
00007740: ffff ffff ffff ffff ffff ffff ffff ffff  ................
00007750: ffff ffff ffff ffff ffff ffff ffff ffff  ................
00007760: ffff ffff ffff ffff ffff ffff ffff ffff  ................
00007770: ffff ffff ffff ffff ffff ffff ffff ffff  ................
00007780: ffff ffff ffff ffff ffff ffff ffff ffff  ................
00007790: ffff ffff ffff ffff ffff ffff ffff ffff  ................
000077a0: ffff ffff ffff ffff ffff ffff ffff ffff  ................
000077b0: ffff ffff ffff ffff ffff ffff ffff ffff  ................
000077c0: ffff ffff ffff ffff ffff ffff ffff ffff  ................
000077d0: ffff ffff ffff ffff ffff ffff ffff ffff  ................
000077e0: ffff ffff ffff ffff ffff ffff ffff ffff  ................
000077f0: ffff ffff ffff ffff ffff ffff ffff ffff  ................
00007800: ffff ffff ffff ffff ffff ffff ffff ffff  ................
00007810: ffff ffff ffff ffff ffff ffff ffff ffff  ................
00007820: ffff ffff ffff ffff ffff ffff ffff ffff  ................
00007830: ffff ffff ffff ffff ffff ffff ffff ffff  ................
00007840: ffff ffff ffff ffff ffff ffff ffff ffff  ................
00007850: ffff ffff ffff ffff ffff ffff ffff ffff  ................
00007860: ffff ffff ffff ffff ffff ffff ffff ffff  ................
00007870: ffff ffff ffff ffff ffff ffff ffff ffff  ................
00007880: ffff ffff ffff ffff ffff ffff ffff ffff  ................
00007890: ffff ffff ffff ffff ffff ffff ffff ffff  ................
000078a0: ffff ffff ffff ffff ffff ffff ffff ffff  ................
000078b0: ffff ffff ffff ffff ffff ffff ffff ffff  ................
000078c0: ffff ffff ffff ffff ffff ffff ffff ffff  ................
000078d0: ffff ffff ffff ffff ffff ffff ffff ffff  ................
000078e0: ffff ffff ffff ffff ffff ffff ffff ffff  ................
000078f0: ffff ffff ffff ffff ffff ffff ffff ffff  ................
00007900: ffff ffff ffff ffff ffff ffff ffff ffff  ................
00007910: ffff ffff ffff ffff ffff ffff ffff ffff  ................
00007920: ffff ffff ffff ffff ffff ffff ffff ffff  ................
00007930: ffff ffff ffff ffff ffff ffff ffff ffff  ................
00007940: ffff ffff ffff ffff ffff ffff ffff ffff  ................
00007950: ffff ffff ffff ffff ffff ffff ffff ffff  ................
00007960: ffff ffff ffff ffff ffff ffff ffff ffff  ................
00007970: ffff ffff ffff ffff ffff ffff ffff ffff  ................
00007980: ffff ffff ffff ffff ffff ffff ffff ffff  ................
00007990: ffff ffff ffff ffff ffff ffff ffff ffff  ................
000079a0: ffff ffff ffff ffff ffff ffff ffff ffff  ................
000079b0: ffff ffff ffff ffff ffff ffff ffff ffff  ................
000079c0: ffff ffff ffff ffff ffff ffff ffff ffff  ................
000079d0: ffff ffff ffff ffff ffff ffff ffff ffff  ................
000079e0: ffff ffff ffff ffff ffff ffff ffff ffff  ................
000079f0: ffff ffff ffff ffff ffff ffff ffff ffff  ................
00007a00: ffff ffff ffff ffff ffff ffff ffff ffff  ................
00007a10: ffff ffff ffff ffff ffff ffff ffff ffff  ................
00007a20: ffff ffff ffff ffff ffff ffff ffff ffff  ................
00007a30: ffff ffff ffff ffff ffff ffff ffff ffff  ................
00007a40: ffff ffff ffff ffff ffff ffff ffff ffff  ................
00007a50: ffff ffff ffff ffff ffff ffff ffff ffff  ................
00007a60: ffff ffff ffff ffff ffff ffff ffff ffff  ................
00007a70: ffff ffff ffff ffff ffff ffff ffff ffff  ................
00007a80: ffff ffff ffff ffff ffff ffff ffff ffff  ................
00007a90: ffff ffff ffff ffff ffff ffff ffff ffff  ................
00007aa0: ffff ffff ffff ffff ffff ffff ffff ffff  ................
00007ab0: ffff ffff ffff ffff ffff ffff ffff ffff  ................
00007ac0: ffff ffff ffff ffff ffff ffff ffff ffff  ................
00007ad0: ffff ffff ffff ffff ffff ffff ffff ffff  ................
00007ae0: ffff ffff ffff ffff ffff ffff ffff ffff  ................
00007af0: ffff ffff ffff ffff ffff ffff ffff ffff  ................
00007b00: ffff ffff ffff ffff ffff ffff ffff ffff  ................
00007b10: ffff ffff ffff ffff ffff ffff ffff ffff  ................
00007b20: ffff ffff ffff ffff ffff ffff ffff ffff  ................
00007b30: ffff ffff ffff ffff ffff ffff ffff ffff  ................
00007b40: ffff ffff ffff ffff ffff ffff ffff ffff  ................
00007b50: ffff ffff ffff ffff ffff ffff ffff ffff  ................
00007b60: ffff ffff ffff ffff ffff ffff ffff ffff  ................
00007b70: ffff ffff ffff ffff ffff ffff ffff ffff  ................
00007b80: ffff ffff ffff ffff ffff ffff ffff ffff  ................
00007b90: ffff ffff ffff ffff ffff ffff ffff ffff  ................
00007ba0: ffff ffff ffff ffff ffff ffff ffff ffff  ................
00007bb0: ffff ffff ffff ffff ffff ffff ffff ffff  ................
00007bc0: ffff ffff ffff ffff ffff ffff ffff ffff  ................
00007bd0: ffff ffff ffff ffff ffff ffff ffff ffff  ................
00007be0: ffff ffff ffff ffff ffff ffff ffff ffff  ................
00007bf0: ffff ffff ffff ffff ffff ffff ffff ffff  ................
00007c00: ffff ffff ffff ffff ffff ffff ffff ffff  ................
00007c10: ffff ffff ffff ffff ffff ffff ffff ffff  ................
00007c20: ffff ffff ffff ffff ffff ffff ffff ffff  ................
00007c30: ffff ffff ffff ffff ffff ffff ffff ffff  ................
00007c40: ffff ffff ffff ffff ffff ffff ffff ffff  ................
00007c50: ffff ffff ffff ffff ffff ffff ffff ffff  ................
00007c60: ffff ffff ffff ffff ffff ffff ffff ffff  ................
00007c70: ffff ffff ffff ffff ffff ffff ffff ffff  ................
00007c80: ffff ffff ffff ffff ffff ffff ffff ffff  ................
00007c90: ffff ffff ffff ffff ffff ffff ffff ffff  ................
00007ca0: ffff ffff ffff ffff ffff ffff ffff ffff  ................
00007cb0: ffff ffff ffff ffff ffff ffff ffff ffff  ................
00007cc0: ffff ffff ffff ffff ffff ffff ffff ffff  ................
00007cd0: ffff ffff ffff ffff ffff ffff ffff ffff  ................
00007ce0: ffff ffff ffff ffff ffff ffff ffff ffff  ................
00007cf0: ffff ffff ffff ffff ffff ffff ffff ffff  ................
00007d00: ffff ffff ffff ffff ffff ffff ffff ffff  ................
00007d10: ffff ffff ffff ffff ffff ffff ffff ffff  ................
00007d20: ffff ffff ffff ffff ffff ffff ffff ffff  ................
00007d30: ffff ffff ffff ffff ffff ffff ffff ffff  ................
00007d40: ffff ffff ffff ffff ffff ffff ffff ffff  ................
00007d50: ffff ffff ffff ffff ffff ffff ffff ffff  ................
00007d60: ffff ffff ffff ffff ffff ffff ffff ffff  ................
00007d70: ffff ffff ffff ffff ffff ffff ffff ffff  ................
00007d80: ffff ffff ffff ffff ffff ffff ffff ffff  ................
00007d90: ffff ffff ffff ffff ffff ffff ffff ffff  ................
00007da0: ffff ffff ffff ffff ffff ffff ffff ffff  ................
00007db0: ffff ffff ffff ffff ffff ffff ffff ffff  ................
00007dc0: ffff ffff ffff ffff ffff ffff ffff ffff  ................
00007dd0: ffff ffff ffff ffff ffff ffff ffff ffff  ................
00007de0: ffff ffff ffff ffff ffff ffff ffff ffff  ................
00007df0: ffff ffff ffff ffff ffff ffff ffff ffff  ................
00007e00: 1124 84b7 14be 81ff f0d0 85e0 8093 8100  .$..............
00007e10: 82e0 8093 c000 88e1 8093 c100 86e0 8093  ................
00007e20: c200 80e1 8093 c400 8ee0 c9d0 259a 86e0  ............%...
00007e30: 20e3 3cef 91e0 3093 8500 2093 8400 96bb   .<...0... .....
00007e40: b09b fecf 1d9a a895 8150 a9f7 cc24 dd24  .........P...$.$
00007e50: 8824 8394 b5e0 ab2e a1e1 9a2e f3e0 bf2e  .$..............
00007e60: a2d0 8134 61f4 9fd0 082f afd0 0238 11f0  ...4a..../...8..
00007e70: 0138 11f4 84e0 01c0 83e0 8dd0 89c0 8234  .8.............4
00007e80: 11f4 84e1 03c0 8534 19f4 85e0 a6d0 80c0  .......4........
00007e90: 8535 79f4 88d0 e82e ff24 85d0 082f 10e0  .5y......$.../..
00007ea0: 102f 0027 0e29 1f29 000f 111f 8ed0 6801  ./.'.).)......h.
00007eb0: 6fc0 8635 21f4 84e0 90d0 80e0 decf 8436  o..5!..........6
00007ec0: 09f0 40c0 70d0 6fd0 082f 6dd0 80e0 c816  ..@.p.o../m.....
00007ed0: 80e7 d806 18f4 f601 b7be e895 c0e0 d1e0  ................
00007ee0: 62d0 8993 0c17 e1f7 f0e0 cf16 f0e7 df06  b...............
00007ef0: 18f0 f601 b7be e895 68d0 07b6 00fc fdcf  ........h.......
00007f00: a601 a0e0 b1e0 2c91 30e0 1196 8c91 1197  ......,.0.......
00007f10: 90e0 982f 8827 822b 932b 1296 fa01 0c01  .../.'.+.+......
00007f20: 87be e895 1124 4e5f 5f4f f1e0 a038 bf07  .....$N__O...8..
00007f30: 51f7 f601 a7be e895 07b6 00fc fdcf 97be  Q...............
00007f40: e895 26c0 8437 b1f4 2ed0 2dd0 f82e 2bd0  ..&..7....-...+.
00007f50: 3cd0 f601 ef2c 8f01 0f5f 1f4f 8491 1bd0  <....,..._.O....
00007f60: ea94 f801 c1f7 0894 c11c d11c fa94 cf0c  ................
00007f70: d11c 0ec0 8537 39f4 28d0 8ee1 0cd0 85e9  .....79.(.......
00007f80: 0ad0 8fe0 7acf 8135 11f4 88e0 18d0 1dd0  ....z..5........
00007f90: 80e1 01d0 65cf 982f 8091 c000 85ff fccf  ....e../........
00007fa0: 9093 c600 0895 8091 c000 87ff fccf 8091  ................
00007fb0: c000 84fd 01c0 a895 8091 c600 0895 e0e6  ................
00007fc0: f0e0 98e1 9083 8083 0895 eddf 8032 19f0  .............2..
00007fd0: 88e0 f5df ffcf 84e1 decf 1f93 182f e3df  ............./..
00007fe0: 1150 e9f7 f2df 1f91 0895 80e0 e8df ee27  .P.............'
00007ff0: ff27 0994 ffff ffff ffff ffff ffff 0404  .'..............
